algorithm,analyze_sec,backend,buses,case_name,compute,dump_case_name,elapsed_sec,final_mismatch,implementation,iterations,jacobian,max_abs_v_delta_from_v0,measurement_mode,pq,profile,pv,repeat_idx,solve_sec,source_profile,success
standard,0.011737,cuda,200,case_ACTIVSg200,mixed,case_ACTIVSg200,0.012337,4.228065727407e-12,cuda_edge,3,edge_based,0.0005626048489202,end2end,162,cuda_edge,37,0,0.000599,cuda_mixed_edge,True
standard,0.011335,cuda,200,case_ACTIVSg200,mixed,case_ACTIVSg200,0.011918,4.118293380663e-12,cuda_edge,3,edge_based,0.0005626048488962,end2end,162,cuda_edge,37,1,0.000583,cuda_mixed_edge,True
standard,0.011131,cuda,200,case_ACTIVSg200,mixed,case_ACTIVSg200,0.011715,6.675526263781e-12,cuda_edge,3,edge_based,0.0005626048488907,end2end,162,cuda_edge,37,2,0.000583,cuda_mixed_edge,True
standard,0.011379,cuda,200,case_ACTIVSg200,mixed,case_ACTIVSg200,0.011968,4.159750031327e-12,cuda_edge,3,edge_based,0.0005626048488777,end2end,162,cuda_edge,37,3,0.000589,cuda_mixed_edge,True
standard,0.011237,cuda,200,case_ACTIVSg200,mixed,case_ACTIVSg200,0.011825,6.484674950385e-12,cuda_edge,3,edge_based,0.0005626048489147,end2end,162,cuda_edge,37,4,0.000588,cuda_mixed_edge,True
standard,0.011169,cuda,200,case_ACTIVSg200,mixed,case_ACTIVSg200,0.011757,4.253028608361e-12,cuda_edge,3,edge_based,0.0005626048489036,end2end,162,cuda_edge,37,5,0.000588,cuda_mixed_edge,True
standard,0.011149,cuda,200,case_ACTIVSg200,mixed,case_ACTIVSg200,0.01174,6.503957016336e-12,cuda_edge,3,edge_based,0.0005626048489147,end2end,162,cuda_edge,37,6,0.00059,cuda_mixed_edge,True
standard,0.011155,cuda,200,case_ACTIVSg200,mixed,case_ACTIVSg200,0.011755,4.294349569381e-12,cuda_edge,3,edge_based,0.0005626048488777,end2end,162,cuda_edge,37,7,0.000599,cuda_mixed_edge,True
standard,0.027711,cuda,200,case_ACTIVSg200,mixed,case_ACTIVSg200,0.028302,4.16346700575e-12,cuda_edge,3,edge_based,0.0005626048489202,end2end,162,cuda_edge,37,8,0.00059,cuda_mixed_edge,True
standard,0.011169,cuda,200,case_ACTIVSg200,mixed,case_ACTIVSg200,0.011753,4.195177604132e-12,cuda_edge,3,edge_based,0.0005626048489424,end2end,162,cuda_edge,37,9,0.000583,cuda_mixed_edge,True
modified,0.011596,cuda,200,case_ACTIVSg200,mixed,case_ACTIVSg200,0.012086,1.522129838838e-09,cuda_edge_modified,3,edge_based,0.000562604828608,end2end,162,cuda_edge_modified,37,0,0.000489,cuda_mixed_edge_modified,True
modified,0.01117,cuda,200,case_ACTIVSg200,mixed,case_ACTIVSg200,0.011655,1.521446080233e-09,cuda_edge_modified,3,edge_based,0.0005626048286024,end2end,162,cuda_edge_modified,37,1,0.000484,cuda_mixed_edge_modified,True
modified,0.011168,cuda,200,case_ACTIVSg200,mixed,case_ACTIVSg200,0.011635,1.521392151149e-09,cuda_edge_modified,3,edge_based,0.0005626048286024,end2end,162,cuda_edge_modified,37,2,0.000467,cuda_mixed_edge_modified,True
modified,0.011127,cuda,200,case_ACTIVSg200,mixed,case_ACTIVSg200,0.0116,1.521861220377e-09,cuda_edge_modified,3,edge_based,0.0005626048286338,end2end,162,cuda_edge_modified,37,3,0.000473,cuda_mixed_edge_modified,True
modified,0.011143,cuda,200,case_ACTIVSg200,mixed,case_ACTIVSg200,0.011621,1.521961334738e-09,cuda_edge_modified,3,edge_based,0.0005626048286116,end2end,162,cuda_edge_modified,37,4,0.000477,cuda_mixed_edge_modified,True
modified,0.011125,cuda,200,case_ACTIVSg200,mixed,case_ACTIVSg200,0.011602,1.520816583778e-09,cuda_edge_modified,3,edge_based,0.000562604828619,end2end,162,cuda_edge_modified,37,5,0.000476,cuda_mixed_edge_modified,True
modified,0.011159,cuda,200,case_ACTIVSg200,mixed,case_ACTIVSg200,0.011635,1.52253376573e-09,cuda_edge_modified,3,edge_based,0.0005626048286043,end2end,162,cuda_edge_modified,37,6,0.000476,cuda_mixed_edge_modified,True
modified,0.011148,cuda,200,case_ACTIVSg200,mixed,case_ACTIVSg200,0.011624,1.521584275244e-09,cuda_edge_modified,3,edge_based,0.0005626048286135,end2end,162,cuda_edge_modified,37,7,0.000476,cuda_mixed_edge_modified,True
modified,0.011156,cuda,200,case_ACTIVSg200,mixed,case_ACTIVSg200,0.011634,1.522095560702e-09,cuda_edge_modified,3,edge_based,0.0005626048285895,end2end,162,cuda_edge_modified,37,8,0.000477,cuda_mixed_edge_modified,True
modified,0.01114,cuda,200,case_ACTIVSg200,mixed,case_ACTIVSg200,0.011621,1.521190479137e-09,cuda_edge_modified,3,edge_based,0.0005626048286116,end2end,162,cuda_edge_modified,37,9,0.00048,cuda_mixed_edge_modified,True
standard,0.013111,cuda,500,case_ACTIVSg500,mixed,case_ACTIVSg500,0.014139,5.826998498953e-11,cuda_edge,4,edge_based,0.03058561718992,end2end,444,cuda_edge,55,0,0.001027,cuda_mixed_edge,True
standard,0.012291,cuda,500,case_ACTIVSg500,mixed,case_ACTIVSg500,0.013321,7.379083912972e-11,cuda_edge,4,edge_based,0.03058561719003,end2end,444,cuda_edge,55,1,0.001029,cuda_mixed_edge,True
standard,0.016797,cuda,500,case_ACTIVSg500,mixed,case_ACTIVSg500,0.018156,6.28682072721e-11,cuda_edge,4,edge_based,0.03058561719004,end2end,444,cuda_edge,55,2,0.001358,cuda_mixed_edge,True
standard,0.012506,cuda,500,case_ACTIVSg500,mixed,case_ACTIVSg500,0.013531,7.507633532022e-11,cuda_edge,4,edge_based,0.03058561719003,end2end,444,cuda_edge,55,3,0.001025,cuda_mixed_edge,True
standard,0.01208,cuda,500,case_ACTIVSg500,mixed,case_ACTIVSg500,0.013116,5.886339600701e-11,cuda_edge,4,edge_based,0.03058561718987,end2end,444,cuda_edge,55,4,0.001035,cuda_mixed_edge,True
standard,0.013595,cuda,500,case_ACTIVSg500,mixed,case_ACTIVSg500,0.014631,4.854254576604e-11,cuda_edge,4,edge_based,0.03058561718998,end2end,444,cuda_edge,55,5,0.001035,cuda_mixed_edge,True
standard,0.012223,cuda,500,case_ACTIVSg500,mixed,case_ACTIVSg500,0.013249,7.610759299567e-11,cuda_edge,4,edge_based,0.03058561719003,end2end,444,cuda_edge,55,6,0.001026,cuda_mixed_edge,True
standard,0.012048,cuda,500,case_ACTIVSg500,mixed,case_ACTIVSg500,0.013082,5.738893268481e-11,cuda_edge,4,edge_based,0.03058561718997,end2end,444,cuda_edge,55,7,0.001034,cuda_mixed_edge,True
standard,0.012137,cuda,500,case_ACTIVSg500,mixed,case_ACTIVSg500,0.013176,7.372382500808e-11,cuda_edge,4,edge_based,0.03058561718993,end2end,444,cuda_edge,55,8,0.001039,cuda_mixed_edge,True
standard,0.01221,cuda,500,case_ACTIVSg500,mixed,case_ACTIVSg500,0.013242,6.681522240755e-11,cuda_edge,4,edge_based,0.03058561718998,end2end,444,cuda_edge,55,9,0.001032,cuda_mixed_edge,True
modified,0.012796,cuda,500,case_ACTIVSg500,mixed,case_ACTIVSg500,0.013865,1.927705062898e-11,cuda_edge_modified,5,edge_based,0.03058561718934,end2end,444,cuda_edge_modified,55,0,0.001069,cuda_mixed_edge_modified,True
modified,0.01219,cuda,500,case_ACTIVSg500,mixed,case_ACTIVSg500,0.01325,1.933971154307e-11,cuda_edge_modified,5,edge_based,0.03058561718934,end2end,444,cuda_edge_modified,55,1,0.001059,cuda_mixed_edge_modified,True
modified,0.012138,cuda,500,case_ACTIVSg500,mixed,case_ACTIVSg500,0.013174,1.934797855923e-11,cuda_edge_modified,5,edge_based,0.03058561718934,end2end,444,cuda_edge_modified,55,2,0.001035,cuda_mixed_edge_modified,True
modified,0.012271,cuda,500,case_ACTIVSg500,mixed,case_ACTIVSg500,0.013324,1.931484473973e-11,cuda_edge_modified,5,edge_based,0.03058561718934,end2end,444,cuda_edge_modified,55,3,0.001053,cuda_mixed_edge_modified,True
modified,0.012105,cuda,500,case_ACTIVSg500,mixed,case_ACTIVSg500,0.013313,1.92918420529e-11,cuda_edge_modified,5,edge_based,0.03058561718934,end2end,444,cuda_edge_modified,55,4,0.001208,cuda_mixed_edge_modified,True
modified,0.01217,cuda,500,case_ACTIVSg500,mixed,case_ACTIVSg500,0.013204,1.92958590537e-11,cuda_edge_modified,5,edge_based,0.03058561718934,end2end,444,cuda_edge_modified,55,5,0.001033,cuda_mixed_edge_modified,True
modified,0.012302,cuda,500,case_ACTIVSg500,mixed,case_ACTIVSg500,0.013347,1.933033520733e-11,cuda_edge_modified,5,edge_based,0.03058561718934,end2end,444,cuda_edge_modified,55,6,0.001045,cuda_mixed_edge_modified,True
modified,0.012126,cuda,500,case_ACTIVSg500,mixed,case_ACTIVSg500,0.013169,1.928176667347e-11,cuda_edge_modified,5,edge_based,0.03058561718934,end2end,444,cuda_edge_modified,55,7,0.001042,cuda_mixed_edge_modified,True
modified,0.012187,cuda,500,case_ACTIVSg500,mixed,case_ACTIVSg500,0.013231,1.928316476085e-11,cuda_edge_modified,5,edge_based,0.03058561718934,end2end,444,cuda_edge_modified,55,8,0.001043,cuda_mixed_edge_modified,True
modified,0.012103,cuda,500,case_ACTIVSg500,mixed,case_ACTIVSg500,0.013152,1.939206406317e-11,cuda_edge_modified,5,edge_based,0.03058561718934,end2end,444,cuda_edge_modified,55,9,0.001048,cuda_mixed_edge_modified,True
standard,0.014137,cuda,993,MemphisCase2026_Mar7,mixed,MemphisCase2026_Mar7,0.015244,2.865456802415e-12,cuda_edge,3,edge_based,6.383030323755e-05,end2end,805,cuda_edge,187,0,0.001107,cuda_mixed_edge,True
standard,0.013872,cuda,993,MemphisCase2026_Mar7,mixed,MemphisCase2026_Mar7,0.014979,4.615006992292e-12,cuda_edge,3,edge_based,6.383030325861e-05,end2end,805,cuda_edge,187,1,0.001106,cuda_mixed_edge,True
standard,0.013852,cuda,993,MemphisCase2026_Mar7,mixed,MemphisCase2026_Mar7,0.014952,1.951113748969e-12,cuda_edge,3,edge_based,6.383030321921e-05,end2end,805,cuda_edge,187,2,0.0011,cuda_mixed_edge,True
standard,0.013649,cuda,993,MemphisCase2026_Mar7,mixed,MemphisCase2026_Mar7,0.014734,6.923605386613e-12,cuda_edge,3,edge_based,6.383030319672e-05,end2end,805,cuda_edge,187,3,0.001084,cuda_mixed_edge,True
standard,0.013667,cuda,993,MemphisCase2026_Mar7,mixed,MemphisCase2026_Mar7,0.014757,3.704238707671e-12,cuda_edge,3,edge_based,6.383030321768e-05,end2end,805,cuda_edge,187,4,0.00109,cuda_mixed_edge,True
standard,0.048308,cuda,993,MemphisCase2026_Mar7,mixed,MemphisCase2026_Mar7,0.049414,2.382022001408e-12,cuda_edge,3,edge_based,6.38303032467e-05,end2end,805,cuda_edge,187,5,0.001105,cuda_mixed_edge,True
standard,0.014794,cuda,993,MemphisCase2026_Mar7,mixed,MemphisCase2026_Mar7,0.0159,4.331161548658e-12,cuda_edge,3,edge_based,6.383030323989e-05,end2end,805,cuda_edge,187,6,0.001106,cuda_mixed_edge,True
standard,0.019622,cuda,993,MemphisCase2026_Mar7,mixed,MemphisCase2026_Mar7,0.020715,4.019443563993e-12,cuda_edge,3,edge_based,6.383030321544e-05,end2end,805,cuda_edge,187,7,0.001093,cuda_mixed_edge,True
standard,0.01735,cuda,993,MemphisCase2026_Mar7,mixed,MemphisCase2026_Mar7,0.018438,1.026759231447e-11,cuda_edge,3,edge_based,6.383030323028e-05,end2end,805,cuda_edge,187,8,0.001087,cuda_mixed_edge,True
standard,0.014284,cuda,993,MemphisCase2026_Mar7,mixed,MemphisCase2026_Mar7,0.015411,3.887650439479e-12,cuda_edge,3,edge_based,6.383030323031e-05,end2end,805,cuda_edge,187,9,0.001127,cuda_mixed_edge,True
modified,0.014146,cuda,993,MemphisCase2026_Mar7,mixed,MemphisCase2026_Mar7,0.01493,7.196235535311e-12,cuda_edge_modified,3,edge_based,6.383030303949e-05,end2end,805,cuda_edge_modified,187,0,0.000784,cuda_mixed_edge_modified,True
modified,0.013911,cuda,993,MemphisCase2026_Mar7,mixed,MemphisCase2026_Mar7,0.014683,7.017341695789e-12,cuda_edge_modified,3,edge_based,6.38303030289e-05,end2end,805,cuda_edge_modified,187,1,0.000772,cuda_mixed_edge_modified,True
modified,0.013799,cuda,993,MemphisCase2026_Mar7,mixed,MemphisCase2026_Mar7,0.014781,7.017090139402e-12,cuda_edge_modified,3,edge_based,6.383030299805e-05,end2end,805,cuda_edge_modified,187,2,0.000982,cuda_mixed_edge_modified,True
modified,0.013862,cuda,993,MemphisCase2026_Mar7,mixed,MemphisCase2026_Mar7,0.014649,7.197241760862e-12,cuda_edge_modified,3,edge_based,6.383030300776e-05,end2end,805,cuda_edge_modified,187,3,0.000786,cuda_mixed_edge_modified,True
modified,0.013748,cuda,993,MemphisCase2026_Mar7,mixed,MemphisCase2026_Mar7,0.014512,7.202021332226e-12,cuda_edge_modified,3,edge_based,6.38303029921e-05,end2end,805,cuda_edge_modified,187,4,0.000764,cuda_mixed_edge_modified,True
modified,0.013641,cuda,993,MemphisCase2026_Mar7,mixed,MemphisCase2026_Mar7,0.014413,7.226344657684e-12,cuda_edge_modified,3,edge_based,6.383030295463e-05,end2end,805,cuda_edge_modified,187,5,0.000771,cuda_mixed_edge_modified,True
modified,0.013821,cuda,993,MemphisCase2026_Mar7,mixed,MemphisCase2026_Mar7,0.014584,7.075799045821e-12,cuda_edge_modified,3,edge_based,6.383030299688e-05,end2end,805,cuda_edge_modified,187,6,0.000762,cuda_mixed_edge_modified,True
modified,0.014065,cuda,993,MemphisCase2026_Mar7,mixed,MemphisCase2026_Mar7,0.014828,7.015580801076e-12,cuda_edge_modified,3,edge_based,6.383030297754e-05,end2end,805,cuda_edge_modified,187,7,0.000762,cuda_mixed_edge_modified,True
modified,0.015309,cuda,993,MemphisCase2026_Mar7,mixed,MemphisCase2026_Mar7,0.01607,7.256705336444e-12,cuda_edge_modified,3,edge_based,6.383030297954e-05,end2end,805,cuda_edge_modified,187,8,0.000761,cuda_mixed_edge_modified,True
modified,0.013772,cuda,993,MemphisCase2026_Mar7,mixed,MemphisCase2026_Mar7,0.014534,7.080327060798e-12,cuda_edge_modified,3,edge_based,6.383030299958e-05,end2end,805,cuda_edge_modified,187,9,0.000762,cuda_mixed_edge_modified,True
standard,0.052393,cuda,2000,case_ACTIVSg2000,mixed,case_ACTIVSg2000,0.054624,4.892309432148e-09,cuda_edge,4,edge_based,0.02916330893782,end2end,1608,cuda_edge,391,0,0.002231,cuda_mixed_edge,True
standard,0.020696,cuda,2000,case_ACTIVSg2000,mixed,case_ACTIVSg2000,0.022933,3.260286898396e-09,cuda_edge,4,edge_based,0.02916330896667,end2end,1608,cuda_edge,391,1,0.002236,cuda_mixed_edge,True
standard,0.016256,cuda,2000,case_ACTIVSg2000,mixed,case_ACTIVSg2000,0.018497,4.857046338186e-09,cuda_edge,4,edge_based,0.02916330896449,end2end,1608,cuda_edge,391,2,0.00224,cuda_mixed_edge,True
standard,0.016396,cuda,2000,case_ACTIVSg2000,mixed,case_ACTIVSg2000,0.018614,3.503010126063e-09,cuda_edge,4,edge_based,0.0291633089879,end2end,1608,cuda_edge,391,3,0.002218,cuda_mixed_edge,True
standard,0.016172,cuda,2000,case_ACTIVSg2000,mixed,case_ACTIVSg2000,0.018374,6.198976671246e-09,cuda_edge,4,edge_based,0.02916330896453,end2end,1608,cuda_edge,391,4,0.002202,cuda_mixed_edge,True
standard,0.016172,cuda,2000,case_ACTIVSg2000,mixed,case_ACTIVSg2000,0.018389,3.248546334713e-09,cuda_edge,4,edge_based,0.02916330897076,end2end,1608,cuda_edge,391,5,0.002217,cuda_mixed_edge,True
standard,0.016197,cuda,2000,case_ACTIVSg2000,mixed,case_ACTIVSg2000,0.018421,4.570827605691e-09,cuda_edge,4,edge_based,0.02916330892213,end2end,1608,cuda_edge,391,6,0.002224,cuda_mixed_edge,True
standard,0.015948,cuda,2000,case_ACTIVSg2000,mixed,case_ACTIVSg2000,0.018158,5.973774073565e-09,cuda_edge,4,edge_based,0.02916330894676,end2end,1608,cuda_edge,391,7,0.002209,cuda_mixed_edge,True
standard,0.016286,cuda,2000,case_ACTIVSg2000,mixed,case_ACTIVSg2000,0.018515,3.779851462413e-09,cuda_edge,4,edge_based,0.02916330898165,end2end,1608,cuda_edge,391,8,0.002228,cuda_mixed_edge,True
standard,0.016097,cuda,2000,case_ACTIVSg2000,mixed,case_ACTIVSg2000,0.01831,2.65882096345e-09,cuda_edge,4,edge_based,0.0291633089229,end2end,1608,cuda_edge,391,9,0.002213,cuda_mixed_edge,True
modified,0.117508,cuda,2000,case_ACTIVSg2000,mixed,case_ACTIVSg2000,0.119832,3.96023175731e-11,cuda_edge_modified,5,edge_based,0.02916330894729,end2end,1608,cuda_edge_modified,391,0,0.002323,cuda_mixed_edge_modified,True
modified,0.02238,cuda,2000,case_ACTIVSg2000,mixed,case_ACTIVSg2000,0.024493,3.93475791054e-11,cuda_edge_modified,5,edge_based,0.02916330894723,end2end,1608,cuda_edge_modified,391,1,0.002113,cuda_mixed_edge_modified,True
modified,0.016232,cuda,2000,case_ACTIVSg2000,mixed,case_ACTIVSg2000,0.018349,3.893176594994e-11,cuda_edge_modified,5,edge_based,0.02916330894723,end2end,1608,cuda_edge_modified,391,2,0.002117,cuda_mixed_edge_modified,True
modified,0.016007,cuda,2000,case_ACTIVSg2000,mixed,case_ACTIVSg2000,0.018095,3.955028128879e-11,cuda_edge_modified,5,edge_based,0.02916330894728,end2end,1608,cuda_edge_modified,391,3,0.002088,cuda_mixed_edge_modified,True
modified,0.01608,cuda,2000,case_ACTIVSg2000,mixed,case_ACTIVSg2000,0.018193,3.96489989402e-11,cuda_edge_modified,5,edge_based,0.02916330894729,end2end,1608,cuda_edge_modified,391,4,0.002113,cuda_mixed_edge_modified,True
modified,0.018703,cuda,2000,case_ACTIVSg2000,mixed,case_ACTIVSg2000,0.020841,3.970420013764e-11,cuda_edge_modified,5,edge_based,0.02916330894727,end2end,1608,cuda_edge_modified,391,5,0.002138,cuda_mixed_edge_modified,True
modified,0.016375,cuda,2000,case_ACTIVSg2000,mixed,case_ACTIVSg2000,0.018463,3.962453282474e-11,cuda_edge_modified,5,edge_based,0.02916330894729,end2end,1608,cuda_edge_modified,391,6,0.002088,cuda_mixed_edge_modified,True
modified,0.016269,cuda,2000,case_ACTIVSg2000,mixed,case_ACTIVSg2000,0.018378,3.940511920331e-11,cuda_edge_modified,5,edge_based,0.02916330894726,end2end,1608,cuda_edge_modified,391,7,0.002108,cuda_mixed_edge_modified,True
modified,0.016011,cuda,2000,case_ACTIVSg2000,mixed,case_ACTIVSg2000,0.018109,3.968917115478e-11,cuda_edge_modified,5,edge_based,0.02916330894729,end2end,1608,cuda_edge_modified,391,8,0.002097,cuda_mixed_edge_modified,True
modified,0.016249,cuda,2000,case_ACTIVSg2000,mixed,case_ACTIVSg2000,0.018355,3.928566225228e-11,cuda_edge_modified,5,edge_based,0.02916330894728,end2end,1608,cuda_edge_modified,391,9,0.002106,cuda_mixed_edge_modified,True
standard,0.039548,cuda,5658,Base_Florida_42GW,mixed,Base_Florida_42GW,0.045516,1.786472289544e-10,cuda_edge,5,edge_based,0.05033550758094,end2end,5553,cuda_edge,104,0,0.005968,cuda_mixed_edge,True
standard,0.028853,cuda,5658,Base_Florida_42GW,mixed,Base_Florida_42GW,0.034264,1.858204978777e-10,cuda_edge,5,edge_based,0.05033550758094,end2end,5553,cuda_edge,104,1,0.00541,cuda_mixed_edge,True
standard,0.026127,cuda,5658,Base_Florida_42GW,mixed,Base_Florida_42GW,0.031607,3.409814652855e-10,cuda_edge,5,edge_based,0.05033550758069,end2end,5553,cuda_edge,104,2,0.00548,cuda_mixed_edge,True
standard,0.033699,cuda,5658,Base_Florida_42GW,mixed,Base_Florida_42GW,0.038247,1.366813329184e-10,cuda_edge,5,edge_based,0.05033550758093,end2end,5553,cuda_edge,104,3,0.004548,cuda_mixed_edge,True
standard,0.049739,cuda,5658,Base_Florida_42GW,mixed,Base_Florida_42GW,0.054029,1.554592565789e-10,cuda_edge,5,edge_based,0.05033550758081,end2end,5553,cuda_edge,104,4,0.004289,cuda_mixed_edge,True
standard,0.042069,cuda,5658,Base_Florida_42GW,mixed,Base_Florida_42GW,0.046169,4.163860783946e-10,cuda_edge,5,edge_based,0.05033550758057,end2end,5553,cuda_edge,104,5,0.0041,cuda_mixed_edge,True
standard,0.024242,cuda,5658,Base_Florida_42GW,mixed,Base_Florida_42GW,0.028337,1.890413034444e-10,cuda_edge,5,edge_based,0.05033550758076,end2end,5553,cuda_edge,104,6,0.004095,cuda_mixed_edge,True
standard,0.023989,cuda,5658,Base_Florida_42GW,mixed,Base_Florida_42GW,0.028065,2.373705676462e-10,cuda_edge,5,edge_based,0.05033550758079,end2end,5553,cuda_edge,104,7,0.004076,cuda_mixed_edge,True
standard,0.037285,cuda,5658,Base_Florida_42GW,mixed,Base_Florida_42GW,0.041377,1.803673044254e-10,cuda_edge,5,edge_based,0.05033550758094,end2end,5553,cuda_edge,104,8,0.004092,cuda_mixed_edge,True
standard,0.032991,cuda,5658,Base_Florida_42GW,mixed,Base_Florida_42GW,0.03707,2.622447953238e-10,cuda_edge,5,edge_based,0.0503355075806,end2end,5553,cuda_edge,104,9,0.004079,cuda_mixed_edge,True
modified,0.025339,cuda,5658,Base_Florida_42GW,mixed,Base_Florida_42GW,0.02931,1.482987344037e-11,cuda_edge_modified,6,edge_based,0.05033550758126,end2end,5553,cuda_edge_modified,104,0,0.00397,cuda_mixed_edge_modified,True
modified,0.024239,cuda,5658,Base_Florida_42GW,mixed,Base_Florida_42GW,0.028256,1.744187433372e-11,cuda_edge_modified,6,edge_based,0.05033550758125,end2end,5553,cuda_edge_modified,104,1,0.004017,cuda_mixed_edge_modified,True
modified,0.023947,cuda,5658,Base_Florida_42GW,mixed,Base_Florida_42GW,0.027879,1.392206488982e-11,cuda_edge_modified,6,edge_based,0.05033550758126,end2end,5553,cuda_edge_modified,104,2,0.003932,cuda_mixed_edge_modified,True
modified,0.024098,cuda,5658,Base_Florida_42GW,mixed,Base_Florida_42GW,0.028052,1.228328549985e-11,cuda_edge_modified,6,edge_based,0.05033550758127,end2end,5553,cuda_edge_modified,104,3,0.003953,cuda_mixed_edge_modified,True
modified,0.024291,cuda,5658,Base_Florida_42GW,mixed,Base_Florida_42GW,0.028248,1.376248420781e-11,cuda_edge_modified,6,edge_based,0.05033550758127,end2end,5553,cuda_edge_modified,104,4,0.003956,cuda_mixed_edge_modified,True
modified,0.025556,cuda,5658,Base_Florida_42GW,mixed,Base_Florida_42GW,0.029556,1.337441268845e-11,cuda_edge_modified,6,edge_based,0.05033550758125,end2end,5553,cuda_edge_modified,104,5,0.004,cuda_mixed_edge_modified,True
modified,0.025401,cuda,5658,Base_Florida_42GW,mixed,Base_Florida_42GW,0.02935,1.543139227511e-11,cuda_edge_modified,6,edge_based,0.05033550758126,end2end,5553,cuda_edge_modified,104,6,0.003948,cuda_mixed_edge_modified,True
modified,0.025411,cuda,5658,Base_Florida_42GW,mixed,Base_Florida_42GW,0.02937,1.657619180806e-11,cuda_edge_modified,6,edge_based,0.05033550758125,end2end,5553,cuda_edge_modified,104,7,0.003958,cuda_mixed_edge_modified,True
modified,0.053861,cuda,5658,Base_Florida_42GW,mixed,Base_Florida_42GW,0.057859,9.227389685673e-12,cuda_edge_modified,6,edge_based,0.05033550758127,end2end,5553,cuda_edge_modified,104,8,0.003998,cuda_mixed_edge_modified,True
modified,0.024331,cuda,5658,Base_Florida_42GW,mixed,Base_Florida_42GW,0.028291,1.916265757185e-11,cuda_edge_modified,6,edge_based,0.05033550758126,end2end,5553,cuda_edge_modified,104,9,0.00396,cuda_mixed_edge_modified,True
standard,0.026935,cuda,6717,Texas7k_20220923,mixed,Texas7k_20220923,0.030596,6.031467659272e-11,cuda_edge,4,edge_based,0.01575196529919,end2end,6127,cuda_edge,589,0,0.00366,cuda_mixed_edge,True
standard,0.025632,cuda,6717,Texas7k_20220923,mixed,Texas7k_20220923,0.029217,9.586556197364e-11,cuda_edge,4,edge_based,0.0157519652986,end2end,6127,cuda_edge,589,1,0.003585,cuda_mixed_edge,True
standard,0.025923,cuda,6717,Texas7k_20220923,mixed,Texas7k_20220923,0.029515,2.661532195544e-11,cuda_edge,4,edge_based,0.01575196529906,end2end,6127,cuda_edge,589,2,0.003591,cuda_mixed_edge,True
standard,0.025622,cuda,6717,Texas7k_20220923,mixed,Texas7k_20220923,0.029208,1.438855317897e-10,cuda_edge,4,edge_based,0.01575196529978,end2end,6127,cuda_edge,589,3,0.003585,cuda_mixed_edge,True
standard,0.025807,cuda,6717,Texas7k_20220923,mixed,Texas7k_20220923,0.029402,4.747506363485e-11,cuda_edge,4,edge_based,0.01575196529893,end2end,6127,cuda_edge,589,4,0.003594,cuda_mixed_edge,True
standard,0.025727,cuda,6717,Texas7k_20220923,mixed,Texas7k_20220923,0.029301,6.97901062504e-11,cuda_edge,4,edge_based,0.01575196529888,end2end,6127,cuda_edge,589,5,0.003573,cuda_mixed_edge,True
standard,0.027261,cuda,6717,Texas7k_20220923,mixed,Texas7k_20220923,0.030835,1.251279427612e-10,cuda_edge,4,edge_based,0.01575196529881,end2end,6127,cuda_edge,589,6,0.003573,cuda_mixed_edge,True
standard,0.026794,cuda,6717,Texas7k_20220923,mixed,Texas7k_20220923,0.030382,1.632241824268e-10,cuda_edge,4,edge_based,0.01575196529979,end2end,6127,cuda_edge,589,7,0.003588,cuda_mixed_edge,True
standard,0.027237,cuda,6717,Texas7k_20220923,mixed,Texas7k_20220923,0.030817,7.173178875576e-11,cuda_edge,4,edge_based,0.01575196529919,end2end,6127,cuda_edge,589,8,0.003579,cuda_mixed_edge,True
standard,0.026933,cuda,6717,Texas7k_20220923,mixed,Texas7k_20220923,0.030544,1.121790131546e-10,cuda_edge,4,edge_based,0.01575196529955,end2end,6127,cuda_edge,589,9,0.00361,cuda_mixed_edge,True
modified,0.026792,cuda,6717,Texas7k_20220923,mixed,Texas7k_20220923,0.029688,3.923495042591e-12,cuda_edge_modified,5,edge_based,0.01575196529895,end2end,6127,cuda_edge_modified,589,0,0.002896,cuda_mixed_edge_modified,True
modified,0.026062,cuda,6717,Texas7k_20220923,mixed,Texas7k_20220923,0.028911,5.481239417074e-12,cuda_edge_modified,5,edge_based,0.01575196529897,end2end,6127,cuda_edge_modified,589,1,0.002848,cuda_mixed_edge_modified,True
modified,0.025232,cuda,6717,Texas7k_20220923,mixed,Texas7k_20220923,0.028079,2.461406078957e-12,cuda_edge_modified,5,edge_based,0.01575196529894,end2end,6127,cuda_edge_modified,589,2,0.002847,cuda_mixed_edge_modified,True
modified,0.025169,cuda,6717,Texas7k_20220923,mixed,Texas7k_20220923,0.028008,4.534758839498e-12,cuda_edge_modified,5,edge_based,0.01575196529896,end2end,6127,cuda_edge_modified,589,3,0.002839,cuda_mixed_edge_modified,True
modified,0.02512,cuda,6717,Texas7k_20220923,mixed,Texas7k_20220923,0.027791,9.473813037828e-09,cuda_edge_modified,4,edge_based,0.01575196528228,end2end,6127,cuda_edge_modified,589,4,0.002671,cuda_mixed_edge_modified,True
modified,0.025261,cuda,6717,Texas7k_20220923,mixed,Texas7k_20220923,0.028109,2.992065142449e-12,cuda_edge_modified,5,edge_based,0.01575196529897,end2end,6127,cuda_edge_modified,589,5,0.002848,cuda_mixed_edge_modified,True
modified,0.110862,cuda,6717,Texas7k_20220923,mixed,Texas7k_20220923,0.113458,7.556464442907e-09,cuda_edge_modified,4,edge_based,0.01575196531495,end2end,6127,cuda_edge_modified,589,6,0.002595,cuda_mixed_edge_modified,True
modified,0.026203,cuda,6717,Texas7k_20220923,mixed,Texas7k_20220923,0.028741,6.590551620063e-09,cuda_edge_modified,4,edge_based,0.01575196530862,end2end,6127,cuda_edge_modified,589,7,0.002538,cuda_mixed_edge_modified,True
modified,0.025094,cuda,6717,Texas7k_20220923,mixed,Texas7k_20220923,0.027957,2.85759067232e-12,cuda_edge_modified,5,edge_based,0.01575196529895,end2end,6127,cuda_edge_modified,589,8,0.002862,cuda_mixed_edge_modified,True
modified,0.025134,cuda,6717,Texas7k_20220923,mixed,Texas7k_20220923,0.028208,4.041630911031e-12,cuda_edge_modified,5,edge_based,0.01575196529895,end2end,6127,cuda_edge_modified,589,9,0.003073,cuda_mixed_edge_modified,True
standard,0.028877,cuda,7336,Base_Texas_66GW,mixed,Base_Texas_66GW,0.033272,2.533262488669e-11,cuda_edge,5,edge_based,0.2290447115572,end2end,7096,cuda_edge,239,0,0.004394,cuda_mixed_edge,True
standard,0.027171,cuda,7336,Base_Texas_66GW,mixed,Base_Texas_66GW,0.031636,2.432187784507e-11,cuda_edge,5,edge_based,0.2290447115585,end2end,7096,cuda_edge,239,1,0.004465,cuda_mixed_edge,True
standard,0.026969,cuda,7336,Base_Texas_66GW,mixed,Base_Texas_66GW,0.03133,4.194600222718e-11,cuda_edge,5,edge_based,0.2290447115565,end2end,7096,cuda_edge,239,2,0.00436,cuda_mixed_edge,True
standard,0.027152,cuda,7336,Base_Texas_66GW,mixed,Base_Texas_66GW,0.031519,2.349853645001e-11,cuda_edge,5,edge_based,0.2290447115576,end2end,7096,cuda_edge,239,3,0.004367,cuda_mixed_edge,True
standard,0.026978,cuda,7336,Base_Texas_66GW,mixed,Base_Texas_66GW,0.031341,1.641738134328e-11,cuda_edge,5,edge_based,0.2290447115577,end2end,7096,cuda_edge,239,4,0.004363,cuda_mixed_edge,True
standard,0.02736,cuda,7336,Base_Texas_66GW,mixed,Base_Texas_66GW,0.031708,1.996180998276e-11,cuda_edge,5,edge_based,0.2290447115576,end2end,7096,cuda_edge,239,5,0.004348,cuda_mixed_edge,True
standard,0.027164,cuda,7336,Base_Texas_66GW,mixed,Base_Texas_66GW,0.03153,1.138645284106e-11,cuda_edge,5,edge_based,0.2290447115582,end2end,7096,cuda_edge,239,6,0.004365,cuda_mixed_edge,True
standard,0.027933,cuda,7336,Base_Texas_66GW,mixed,Base_Texas_66GW,0.032295,1.575006791654e-11,cuda_edge,5,edge_based,0.2290447115566,end2end,7096,cuda_edge,239,7,0.004361,cuda_mixed_edge,True
standard,0.028462,cuda,7336,Base_Texas_66GW,mixed,Base_Texas_66GW,0.032829,1.083932943402e-11,cuda_edge,5,edge_based,0.2290447115588,end2end,7096,cuda_edge,239,8,0.004367,cuda_mixed_edge,True
standard,0.027625,cuda,7336,Base_Texas_66GW,mixed,Base_Texas_66GW,0.031979,1.704147933879e-11,cuda_edge,5,edge_based,0.2290447115586,end2end,7096,cuda_edge,239,9,0.004353,cuda_mixed_edge,True
modified,0.029067,cuda,7336,Base_Texas_66GW,mixed,Base_Texas_66GW,0.034421,5.374367617605e-12,cuda_edge_modified,6,edge_based,0.2290447115597,end2end,7096,cuda_edge_modified,239,0,0.005353,cuda_mixed_edge_modified,True
modified,0.027919,cuda,7336,Base_Texas_66GW,mixed,Base_Texas_66GW,0.032838,1.224531587241e-11,cuda_edge_modified,6,edge_based,0.2290447115594,end2end,7096,cuda_edge_modified,239,1,0.004918,cuda_mixed_edge_modified,True
modified,0.030205,cuda,7336,Base_Texas_66GW,mixed,Base_Texas_66GW,0.03507,5.86464210528e-12,cuda_edge_modified,6,edge_based,0.2290447115594,end2end,7096,cuda_edge_modified,239,2,0.004864,cuda_mixed_edge_modified,True
modified,0.027888,cuda,7336,Base_Texas_66GW,mixed,Base_Texas_66GW,0.032813,4.72837047294e-12,cuda_edge_modified,6,edge_based,0.2290447115595,end2end,7096,cuda_edge_modified,239,3,0.004924,cuda_mixed_edge_modified,True
modified,0.030159,cuda,7336,Base_Texas_66GW,mixed,Base_Texas_66GW,0.035046,5.655476087441e-12,cuda_edge_modified,6,edge_based,0.2290447115595,end2end,7096,cuda_edge_modified,239,4,0.004887,cuda_mixed_edge_modified,True
modified,0.027847,cuda,7336,Base_Texas_66GW,mixed,Base_Texas_66GW,0.032739,1.484767864213e-11,cuda_edge_modified,6,edge_based,0.2290447115595,end2end,7096,cuda_edge_modified,239,5,0.004891,cuda_mixed_edge_modified,True
modified,0.027877,cuda,7336,Base_Texas_66GW,mixed,Base_Texas_66GW,0.032777,4.930562902405e-12,cuda_edge_modified,6,edge_based,0.2290447115599,end2end,7096,cuda_edge_modified,239,6,0.0049,cuda_mixed_edge_modified,True
modified,0.03667,cuda,7336,Base_Texas_66GW,mixed,Base_Texas_66GW,0.041531,6.928679852081e-12,cuda_edge_modified,6,edge_based,0.2290447115597,end2end,7096,cuda_edge_modified,239,7,0.004861,cuda_mixed_edge_modified,True
modified,0.027715,cuda,7336,Base_Texas_66GW,mixed,Base_Texas_66GW,0.032619,9.698020164706e-12,cuda_edge_modified,6,edge_based,0.2290447115593,end2end,7096,cuda_edge_modified,239,8,0.004904,cuda_mixed_edge_modified,True
modified,0.027516,cuda,7336,Base_Texas_66GW,mixed,Base_Texas_66GW,0.032386,6.775024985473e-12,cuda_edge_modified,6,edge_based,0.2290447115599,end2end,7096,cuda_edge_modified,239,9,0.004869,cuda_mixed_edge_modified,True
standard,0.038449,cuda,10189,Base_MIOHIN_76GW,mixed,Base_MIOHIN_76GW,0.04477,2.462808635751e-09,cuda_edge,5,edge_based,0.05334083387132,end2end,9998,cuda_edge,190,0,0.006321,cuda_mixed_edge,True
standard,0.036533,cuda,10189,Base_MIOHIN_76GW,mixed,Base_MIOHIN_76GW,0.042824,2.547273250258e-09,cuda_edge,5,edge_based,0.05334083387246,end2end,9998,cuda_edge,190,1,0.006291,cuda_mixed_edge,True
standard,0.039161,cuda,10189,Base_MIOHIN_76GW,mixed,Base_MIOHIN_76GW,0.045467,1.583291719953e-09,cuda_edge,5,edge_based,0.05334083387388,end2end,9998,cuda_edge,190,2,0.006305,cuda_mixed_edge,True
standard,0.036166,cuda,10189,Base_MIOHIN_76GW,mixed,Base_MIOHIN_76GW,0.042495,2.061146686092e-09,cuda_edge,5,edge_based,0.05334083387777,end2end,9998,cuda_edge,190,3,0.006328,cuda_mixed_edge,True
standard,0.036422,cuda,10189,Base_MIOHIN_76GW,mixed,Base_MIOHIN_76GW,0.042709,1.680905192813e-09,cuda_edge,5,edge_based,0.05334083387524,end2end,9998,cuda_edge,190,4,0.006286,cuda_mixed_edge,True
standard,0.036335,cuda,10189,Base_MIOHIN_76GW,mixed,Base_MIOHIN_76GW,0.042635,1.550465533739e-09,cuda_edge,5,edge_based,0.05334083387761,end2end,9998,cuda_edge,190,5,0.0063,cuda_mixed_edge,True
standard,0.036825,cuda,10189,Base_MIOHIN_76GW,mixed,Base_MIOHIN_76GW,0.043128,1.309609309885e-09,cuda_edge,5,edge_based,0.05334083387694,end2end,9998,cuda_edge,190,6,0.006302,cuda_mixed_edge,True
standard,0.036001,cuda,10189,Base_MIOHIN_76GW,mixed,Base_MIOHIN_76GW,0.042297,2.546510619508e-09,cuda_edge,5,edge_based,0.05334083387744,end2end,9998,cuda_edge,190,7,0.006296,cuda_mixed_edge,True
standard,0.036179,cuda,10189,Base_MIOHIN_76GW,mixed,Base_MIOHIN_76GW,0.042779,1.162876415403e-09,cuda_edge,5,edge_based,0.05334083387143,end2end,9998,cuda_edge,190,8,0.006599,cuda_mixed_edge,True
standard,0.037497,cuda,10189,Base_MIOHIN_76GW,mixed,Base_MIOHIN_76GW,0.04382,1.39609427519e-09,cuda_edge,5,edge_based,0.05334083387665,end2end,9998,cuda_edge,190,9,0.006322,cuda_mixed_edge,True
modified,0.115435,cuda,10189,Base_MIOHIN_76GW,mixed,Base_MIOHIN_76GW,0.121855,1.197255627972e-10,cuda_edge_modified,6,edge_based,0.05334083387855,end2end,9998,cuda_edge_modified,190,0,0.006419,cuda_mixed_edge_modified,True
modified,0.036941,cuda,10189,Base_MIOHIN_76GW,mixed,Base_MIOHIN_76GW,0.043111,2.467625810102e-10,cuda_edge_modified,6,edge_based,0.05334083387851,end2end,9998,cuda_edge_modified,190,1,0.006169,cuda_mixed_edge_modified,True
modified,0.036504,cuda,10189,Base_MIOHIN_76GW,mixed,Base_MIOHIN_76GW,0.042628,1.312816522159e-10,cuda_edge_modified,6,edge_based,0.05334083387849,end2end,9998,cuda_edge_modified,190,2,0.006123,cuda_mixed_edge_modified,True
modified,0.036641,cuda,10189,Base_MIOHIN_76GW,mixed,Base_MIOHIN_76GW,0.042743,2.509317037134e-10,cuda_edge_modified,6,edge_based,0.05334083387828,end2end,9998,cuda_edge_modified,190,3,0.006102,cuda_mixed_edge_modified,True
modified,0.036748,cuda,10189,Base_MIOHIN_76GW,mixed,Base_MIOHIN_76GW,0.042872,1.452599706494e-10,cuda_edge_modified,6,edge_based,0.05334083387843,end2end,9998,cuda_edge_modified,190,4,0.006123,cuda_mixed_edge_modified,True
modified,0.037024,cuda,10189,Base_MIOHIN_76GW,mixed,Base_MIOHIN_76GW,0.043177,1.646239562248e-10,cuda_edge_modified,6,edge_based,0.05334083387859,end2end,9998,cuda_edge_modified,190,5,0.006153,cuda_mixed_edge_modified,True
modified,0.042627,cuda,10189,Base_MIOHIN_76GW,mixed,Base_MIOHIN_76GW,0.048731,1.165203166724e-10,cuda_edge_modified,6,edge_based,0.05334083387806,end2end,9998,cuda_edge_modified,190,6,0.006104,cuda_mixed_edge_modified,True
modified,0.037388,cuda,10189,Base_MIOHIN_76GW,mixed,Base_MIOHIN_76GW,0.043514,2.10426498225e-10,cuda_edge_modified,6,edge_based,0.05334083387797,end2end,9998,cuda_edge_modified,190,7,0.006126,cuda_mixed_edge_modified,True
modified,0.03747,cuda,10189,Base_MIOHIN_76GW,mixed,Base_MIOHIN_76GW,0.043591,2.599794044725e-10,cuda_edge_modified,6,edge_based,0.05334083387849,end2end,9998,cuda_edge_modified,190,8,0.00612,cuda_mixed_edge_modified,True
modified,0.038934,cuda,10189,Base_MIOHIN_76GW,mixed,Base_MIOHIN_76GW,0.045061,2.237938723226e-10,cuda_edge_modified,6,edge_based,0.0533408338783,end2end,9998,cuda_edge_modified,190,9,0.006127,cuda_mixed_edge_modified,True
standard,0.061099,cuda,20758,Base_West_Interconnect_121GW,mixed,Base_West_Interconnect_121GW,0.070795,2.40488878811e-11,cuda_edge,6,edge_based,0.04032063151688,end2end,19991,cuda_edge,766,0,0.009695,cuda_mixed_edge,True
standard,0.057751,cuda,20758,Base_West_Interconnect_121GW,mixed,Base_West_Interconnect_121GW,0.067391,9.742502455306e-11,cuda_edge,6,edge_based,0.04032063151747,end2end,19991,cuda_edge,766,1,0.009639,cuda_mixed_edge,True
standard,0.056941,cuda,20758,Base_West_Interconnect_121GW,mixed,Base_West_Interconnect_121GW,0.066535,1.338512170772e-10,cuda_edge,6,edge_based,0.04032063151642,end2end,19991,cuda_edge,766,2,0.009594,cuda_mixed_edge,True
standard,0.055023,cuda,20758,Base_West_Interconnect_121GW,mixed,Base_West_Interconnect_121GW,0.064603,9.245351981005e-11,cuda_edge,6,edge_based,0.04032063151668,end2end,19991,cuda_edge,766,3,0.00958,cuda_mixed_edge,True
standard,0.06086,cuda,20758,Base_West_Interconnect_121GW,mixed,Base_West_Interconnect_121GW,0.070428,2.52224019448e-10,cuda_edge,6,edge_based,0.0403206315174,end2end,19991,cuda_edge,766,4,0.009568,cuda_mixed_edge,True
standard,0.060113,cuda,20758,Base_West_Interconnect_121GW,mixed,Base_West_Interconnect_121GW,0.069742,9.834114946067e-11,cuda_edge,6,edge_based,0.04032063151667,end2end,19991,cuda_edge,766,5,0.009628,cuda_mixed_edge,True
standard,0.057834,cuda,20758,Base_West_Interconnect_121GW,mixed,Base_West_Interconnect_121GW,0.067396,6.536962283365e-11,cuda_edge,6,edge_based,0.04032063151698,end2end,19991,cuda_edge,766,6,0.009562,cuda_mixed_edge,True
standard,0.056559,cuda,20758,Base_West_Interconnect_121GW,mixed,Base_West_Interconnect_121GW,0.066137,5.51927392678e-11,cuda_edge,6,edge_based,0.04032063151744,end2end,19991,cuda_edge,766,7,0.009577,cuda_mixed_edge,True
standard,0.057058,cuda,20758,Base_West_Interconnect_121GW,mixed,Base_West_Interconnect_121GW,0.064944,5.217021280637e-09,cuda_edge,5,edge_based,0.04032063151156,end2end,19991,cuda_edge,766,8,0.007885,cuda_mixed_edge,True
standard,0.056243,cuda,20758,Base_West_Interconnect_121GW,mixed,Base_West_Interconnect_121GW,0.064096,1.141821748263e-09,cuda_edge,5,edge_based,0.04032063153004,end2end,19991,cuda_edge,766,9,0.007852,cuda_mixed_edge,True
modified,0.06056,cuda,20758,Base_West_Interconnect_121GW,mixed,Base_West_Interconnect_121GW,0.070181,6.52161615579e-11,cuda_edge_modified,6,edge_based,0.04032063151696,end2end,19991,cuda_edge_modified,766,0,0.00962,cuda_mixed_edge_modified,True
modified,0.057091,cuda,20758,Base_West_Interconnect_121GW,mixed,Base_West_Interconnect_121GW,0.064762,8.324193778719e-09,cuda_edge_modified,5,edge_based,0.04032063153315,end2end,19991,cuda_edge_modified,766,1,0.00767,cuda_mixed_edge_modified,True
modified,0.057558,cuda,20758,Base_West_Interconnect_121GW,mixed,Base_West_Interconnect_121GW,0.065218,3.337499152045e-09,cuda_edge_modified,5,edge_based,0.04032063153619,end2end,19991,cuda_edge_modified,766,2,0.00766,cuda_mixed_edge_modified,True
modified,0.059794,cuda,20758,Base_West_Interconnect_121GW,mixed,Base_West_Interconnect_121GW,0.067398,7.363068377231e-09,cuda_edge_modified,5,edge_based,0.04032063154121,end2end,19991,cuda_edge_modified,766,3,0.007603,cuda_mixed_edge_modified,True
modified,0.135928,cuda,20758,Base_West_Interconnect_121GW,mixed,Base_West_Interconnect_121GW,0.143852,2.744729846182e-09,cuda_edge_modified,5,edge_based,0.04032063154053,end2end,19991,cuda_edge_modified,766,4,0.007924,cuda_mixed_edge_modified,True
modified,0.058466,cuda,20758,Base_West_Interconnect_121GW,mixed,Base_West_Interconnect_121GW,0.06611,4.801977704361e-09,cuda_edge_modified,5,edge_based,0.04032063152399,end2end,19991,cuda_edge_modified,766,5,0.007643,cuda_mixed_edge_modified,True
modified,0.055826,cuda,20758,Base_West_Interconnect_121GW,mixed,Base_West_Interconnect_121GW,0.063442,4.343365681003e-09,cuda_edge_modified,5,edge_based,0.04032063154116,end2end,19991,cuda_edge_modified,766,6,0.007616,cuda_mixed_edge_modified,True
modified,0.056092,cuda,20758,Base_West_Interconnect_121GW,mixed,Base_West_Interconnect_121GW,0.063669,7.135311452799e-09,cuda_edge_modified,5,edge_based,0.04032063155686,end2end,19991,cuda_edge_modified,766,7,0.007576,cuda_mixed_edge_modified,True
modified,0.059538,cuda,20758,Base_West_Interconnect_121GW,mixed,Base_West_Interconnect_121GW,0.067163,3.089784372801e-09,cuda_edge_modified,5,edge_based,0.04032063154732,end2end,19991,cuda_edge_modified,766,8,0.007625,cuda_mixed_edge_modified,True
modified,0.05884,cuda,20758,Base_West_Interconnect_121GW,mixed,Base_West_Interconnect_121GW,0.066465,2.839615903527e-09,cuda_edge_modified,5,edge_based,0.04032063150166,end2end,19991,cuda_edge_modified,766,9,0.007624,cuda_mixed_edge_modified,True
standard,0.067668,cuda,25000,case_ACTIVSg25k,mixed,case_ACTIVSg25k,0.078341,4.872614038206e-09,cuda_edge,5,edge_based,0.05938100424735,end2end,22247,cuda_edge,2752,0,0.010673,cuda_mixed_edge,True
standard,0.0639,cuda,25000,case_ACTIVSg25k,mixed,case_ACTIVSg25k,0.074593,1.976124852528e-09,cuda_edge,5,edge_based,0.05938100424076,end2end,22247,cuda_edge,2752,1,0.010693,cuda_mixed_edge,True
standard,0.067796,cuda,25000,case_ACTIVSg25k,mixed,case_ACTIVSg25k,0.078807,1.693188453517e-09,cuda_edge,5,edge_based,0.05938100424255,end2end,22247,cuda_edge,2752,2,0.011011,cuda_mixed_edge,True
standard,0.068425,cuda,25000,case_ACTIVSg25k,mixed,case_ACTIVSg25k,0.079031,2.624233440166e-09,cuda_edge,5,edge_based,0.05938100423477,end2end,22247,cuda_edge,2752,3,0.010606,cuda_mixed_edge,True
standard,0.064588,cuda,25000,case_ACTIVSg25k,mixed,case_ACTIVSg25k,0.075231,2.868380648509e-09,cuda_edge,5,edge_based,0.05938100423192,end2end,22247,cuda_edge,2752,4,0.010642,cuda_mixed_edge,True
standard,0.074966,cuda,25000,case_ACTIVSg25k,mixed,case_ACTIVSg25k,0.085565,2.762351122229e-09,cuda_edge,5,edge_based,0.05938100424504,end2end,22247,cuda_edge,2752,5,0.010599,cuda_mixed_edge,True
standard,0.064278,cuda,25000,case_ACTIVSg25k,mixed,case_ACTIVSg25k,0.074932,3.796000808164e-09,cuda_edge,5,edge_based,0.059381004242,end2end,22247,cuda_edge,2752,6,0.010653,cuda_mixed_edge,True
standard,0.063214,cuda,25000,case_ACTIVSg25k,mixed,case_ACTIVSg25k,0.073826,2.685862585681e-09,cuda_edge,5,edge_based,0.05938100425108,end2end,22247,cuda_edge,2752,7,0.010611,cuda_mixed_edge,True
standard,0.073114,cuda,25000,case_ACTIVSg25k,mixed,case_ACTIVSg25k,0.083746,2.24040667159e-09,cuda_edge,5,edge_based,0.05938100424626,end2end,22247,cuda_edge,2752,8,0.010631,cuda_mixed_edge,True
standard,0.064047,cuda,25000,case_ACTIVSg25k,mixed,case_ACTIVSg25k,0.07466,1.653559204179e-09,cuda_edge,5,edge_based,0.05938100425528,end2end,22247,cuda_edge,2752,9,0.010612,cuda_mixed_edge,True
modified,0.067208,cuda,25000,case_ACTIVSg25k,mixed,case_ACTIVSg25k,0.077746,3.926172035563e-10,cuda_edge_modified,6,edge_based,0.05938100424309,end2end,22247,cuda_edge_modified,2752,0,0.010537,cuda_mixed_edge_modified,True
modified,0.062199,cuda,25000,case_ACTIVSg25k,mixed,case_ACTIVSg25k,0.073008,1.115467038074e-09,cuda_edge_modified,6,edge_based,0.05938100424345,end2end,22247,cuda_edge_modified,2752,1,0.010809,cuda_mixed_edge_modified,True
modified,0.069985,cuda,25000,case_ACTIVSg25k,mixed,case_ACTIVSg25k,0.080527,6.481956075841e-10,cuda_edge_modified,6,edge_based,0.0593810042431,end2end,22247,cuda_edge_modified,2752,2,0.010542,cuda_mixed_edge_modified,True
modified,0.064568,cuda,25000,case_ACTIVSg25k,mixed,case_ACTIVSg25k,0.075417,3.614410329266e-10,cuda_edge_modified,6,edge_based,0.05938100424311,end2end,22247,cuda_edge_modified,2752,3,0.010848,cuda_mixed_edge_modified,True
modified,0.121287,cuda,25000,case_ACTIVSg25k,mixed,case_ACTIVSg25k,0.131923,6.631565953368e-10,cuda_edge_modified,6,edge_based,0.05938100424345,end2end,22247,cuda_edge_modified,2752,4,0.010636,cuda_mixed_edge_modified,True
modified,0.063847,cuda,25000,case_ACTIVSg25k,mixed,case_ACTIVSg25k,0.074329,6.403390664155e-10,cuda_edge_modified,6,edge_based,0.05938100424223,end2end,22247,cuda_edge_modified,2752,5,0.010481,cuda_mixed_edge_modified,True
modified,0.062816,cuda,25000,case_ACTIVSg25k,mixed,case_ACTIVSg25k,0.073276,7.754562282876e-10,cuda_edge_modified,6,edge_based,0.05938100424293,end2end,22247,cuda_edge_modified,2752,6,0.01046,cuda_mixed_edge_modified,True
modified,0.062747,cuda,25000,case_ACTIVSg25k,mixed,case_ACTIVSg25k,0.073686,3.570988670545e-10,cuda_edge_modified,6,edge_based,0.0593810042439,end2end,22247,cuda_edge_modified,2752,7,0.010938,cuda_mixed_edge_modified,True
modified,0.0622,cuda,25000,case_ACTIVSg25k,mixed,case_ACTIVSg25k,0.072643,3.666507568902e-10,cuda_edge_modified,6,edge_based,0.05938100424349,end2end,22247,cuda_edge_modified,2752,8,0.010443,cuda_mixed_edge_modified,True
modified,0.065117,cuda,25000,case_ACTIVSg25k,mixed,case_ACTIVSg25k,0.075613,3.33945945633e-10,cuda_edge_modified,6,edge_based,0.05938100424388,end2end,22247,cuda_edge_modified,2752,9,0.010495,cuda_mixed_edge_modified,True
standard,0.168373,cuda,70000,case_ACTIVSg70k,mixed,case_ACTIVSg70k,0.204978,5.272490663522e-10,cuda_edge,7,edge_based,0.08741618904862,end2end,64105,cuda_edge,5894,0,0.036604,cuda_mixed_edge,True
standard,0.167921,cuda,70000,case_ACTIVSg70k,mixed,case_ACTIVSg70k,0.204722,2.756845450702e-09,cuda_edge,7,edge_based,0.08741618899921,end2end,64105,cuda_edge,5894,1,0.036801,cuda_mixed_edge,True
standard,0.210138,cuda,70000,case_ACTIVSg70k,mixed,case_ACTIVSg70k,0.253059,1.969454513516e-11,cuda_edge,8,edge_based,0.08741618894462,end2end,64105,cuda_edge,5894,2,0.042921,cuda_mixed_edge,True
standard,0.174778,cuda,70000,case_ACTIVSg70k,mixed,case_ACTIVSg70k,0.228493,2.989025020018e-09,cuda_edge,7,edge_based,0.08741618905536,end2end,64105,cuda_edge,5894,3,0.053714,cuda_mixed_edge,True
standard,0.169074,cuda,70000,case_ACTIVSg70k,mixed,case_ACTIVSg70k,0.222832,3.824474865399e-09,cuda_edge,7,edge_based,0.08741618912634,end2end,64105,cuda_edge,5894,4,0.053757,cuda_mixed_edge,True
standard,0.161784,cuda,70000,case_ACTIVSg70k,mixed,case_ACTIVSg70k,0.215202,7.941555605186e-10,cuda_edge,7,edge_based,0.0874161890918,end2end,64105,cuda_edge,5894,5,0.053417,cuda_mixed_edge,True
standard,0.17301,cuda,70000,case_ACTIVSg70k,mixed,case_ACTIVSg70k,0.210312,5.031360600035e-09,cuda_edge,7,edge_based,0.08741618919306,end2end,64105,cuda_edge,5894,6,0.037302,cuda_mixed_edge,True
standard,0.208936,cuda,70000,case_ACTIVSg70k,mixed,case_ACTIVSg70k,0.246759,8.214188125112e-09,cuda_edge,7,edge_based,0.08741618925878,end2end,64105,cuda_edge,5894,7,0.037822,cuda_mixed_edge,True
standard,0.254357,cuda,70000,case_ACTIVSg70k,mixed,case_ACTIVSg70k,0.294076,9.118055246321e-10,cuda_edge,7,edge_based,0.08741618900089,end2end,64105,cuda_edge,5894,8,0.039719,cuda_mixed_edge,True
standard,0.17489,cuda,70000,case_ACTIVSg70k,mixed,case_ACTIVSg70k,0.230284,4.999223579257e-09,cuda_edge,7,edge_based,0.08741618915538,end2end,64105,cuda_edge,5894,9,0.055394,cuda_mixed_edge,True
modified,0.173199,cuda,70000,case_ACTIVSg70k,mixed,case_ACTIVSg70k,0.22172,5.666266430135e-11,cuda_edge_modified,12,edge_based,0.08741618894165,end2end,64105,cuda_edge_modified,5894,0,0.04852,cuda_mixed_edge_modified,True
modified,0.16747,cuda,70000,case_ACTIVSg70k,mixed,case_ACTIVSg70k,0.215986,1.026166800524e-10,cuda_edge_modified,12,edge_based,0.08741618894047,end2end,64105,cuda_edge_modified,5894,1,0.048515,cuda_mixed_edge_modified,True
modified,0.16549,cuda,70000,case_ACTIVSg70k,mixed,case_ACTIVSg70k,0.21412,2.295122190766e-11,cuda_edge_modified,12,edge_based,0.08741618894293,end2end,64105,cuda_edge_modified,5894,2,0.048629,cuda_mixed_edge_modified,True
modified,0.176439,cuda,70000,case_ACTIVSg70k,mixed,case_ACTIVSg70k,0.225323,2.625943757199e-11,cuda_edge_modified,12,edge_based,0.08741618894207,end2end,64105,cuda_edge_modified,5894,3,0.048884,cuda_mixed_edge_modified,True
modified,0.167562,cuda,70000,case_ACTIVSg70k,mixed,case_ACTIVSg70k,0.216137,1.435293429597e-11,cuda_edge_modified,12,edge_based,0.08741618894255,end2end,64105,cuda_edge_modified,5894,4,0.048575,cuda_mixed_edge_modified,True
modified,0.166949,cuda,70000,case_ACTIVSg70k,mixed,case_ACTIVSg70k,0.215593,3.766068094002e-11,cuda_edge_modified,12,edge_based,0.08741618894241,end2end,64105,cuda_edge_modified,5894,5,0.048644,cuda_mixed_edge_modified,True
modified,0.185588,cuda,70000,case_ACTIVSg70k,mixed,case_ACTIVSg70k,0.234931,2.729538486135e-11,cuda_edge_modified,12,edge_based,0.08741618894217,end2end,64105,cuda_edge_modified,5894,6,0.049342,cuda_mixed_edge_modified,True
modified,0.174768,cuda,70000,case_ACTIVSg70k,mixed,case_ACTIVSg70k,0.223581,2.833133215069e-11,cuda_edge_modified,12,edge_based,0.08741618894224,end2end,64105,cuda_edge_modified,5894,7,0.048812,cuda_mixed_edge_modified,True
modified,0.167901,cuda,70000,case_ACTIVSg70k,mixed,case_ACTIVSg70k,0.216661,1.312971878601e-11,cuda_edge_modified,12,edge_based,0.08741618894209,end2end,64105,cuda_edge_modified,5894,8,0.048759,cuda_mixed_edge_modified,True
modified,0.168346,cuda,70000,case_ACTIVSg70k,mixed,case_ACTIVSg70k,0.21693,1.693012589893e-11,cuda_edge_modified,12,edge_based,0.08741618894289,end2end,64105,cuda_edge_modified,5894,9,0.048584,cuda_mixed_edge_modified,True
standard,0.203367,cuda,78478,Base_Eastern_Interconnect_515GW,mixed,Base_Eastern_Interconnect_515GW,0.24534,3.114543989493e-11,cuda_edge,7,edge_based,0.2269152465438,end2end,76439,cuda_edge,2038,0,0.041973,cuda_mixed_edge,True
standard,0.202871,cuda,78478,Base_Eastern_Interconnect_515GW,mixed,Base_Eastern_Interconnect_515GW,0.245256,3.693953256429e-11,cuda_edge,7,edge_based,0.2269152465438,end2end,76439,cuda_edge,2038,1,0.042384,cuda_mixed_edge,True
standard,0.282114,cuda,78478,Base_Eastern_Interconnect_515GW,mixed,Base_Eastern_Interconnect_515GW,0.323782,2.914060081974e-11,cuda_edge,7,edge_based,0.2269152465439,end2end,76439,cuda_edge,2038,2,0.041667,cuda_mixed_edge,True
standard,0.217872,cuda,78478,Base_Eastern_Interconnect_515GW,mixed,Base_Eastern_Interconnect_515GW,0.260731,2.736747635924e-11,cuda_edge,7,edge_based,0.2269152465434,end2end,76439,cuda_edge,2038,3,0.042859,cuda_mixed_edge,True
standard,0.217398,cuda,78478,Base_Eastern_Interconnect_515GW,mixed,Base_Eastern_Interconnect_515GW,0.253324,7.694885832688e-09,cuda_edge,6,edge_based,0.2269152464889,end2end,76439,cuda_edge,2038,4,0.035925,cuda_mixed_edge,True
standard,0.195224,cuda,78478,Base_Eastern_Interconnect_515GW,mixed,Base_Eastern_Interconnect_515GW,0.231512,7.831011755721e-09,cuda_edge,6,edge_based,0.2269152464231,end2end,76439,cuda_edge,2038,5,0.036288,cuda_mixed_edge,True
standard,0.213216,cuda,78478,Base_Eastern_Interconnect_515GW,mixed,Base_Eastern_Interconnect_515GW,0.260087,3.548177029966e-11,cuda_edge,7,edge_based,0.2269152465439,end2end,76439,cuda_edge,2038,6,0.04687,cuda_mixed_edge,True
standard,0.20714,cuda,78478,Base_Eastern_Interconnect_515GW,mixed,Base_Eastern_Interconnect_515GW,0.251226,4.720844936978e-11,cuda_edge,7,edge_based,0.2269152465439,end2end,76439,cuda_edge,2038,7,0.044086,cuda_mixed_edge,True
standard,0.194228,cuda,78478,Base_Eastern_Interconnect_515GW,mixed,Base_Eastern_Interconnect_515GW,0.238077,3.004345383584e-11,cuda_edge,7,edge_based,0.2269152465437,end2end,76439,cuda_edge,2038,8,0.043849,cuda_mixed_edge,True
standard,0.192688,cuda,78478,Base_Eastern_Interconnect_515GW,mixed,Base_Eastern_Interconnect_515GW,0.231077,7.735329391481e-09,cuda_edge,6,edge_based,0.2269152465687,end2end,76439,cuda_edge,2038,9,0.038388,cuda_mixed_edge,True
modified,0.189407,cuda,78478,Base_Eastern_Interconnect_515GW,mixed,Base_Eastern_Interconnect_515GW,0.212569,6.440973270953e-09,cuda_edge_modified,7,edge_based,0.2269152466724,end2end,76439,cuda_edge_modified,2038,0,0.023161,cuda_mixed_edge_modified,True
modified,0.183853,cuda,78478,Base_Eastern_Interconnect_515GW,mixed,Base_Eastern_Interconnect_515GW,0.206928,1.867184074023e-09,cuda_edge_modified,7,edge_based,0.2269152465864,end2end,76439,cuda_edge_modified,2038,1,0.023074,cuda_mixed_edge_modified,True
modified,0.215236,cuda,78478,Base_Eastern_Interconnect_515GW,mixed,Base_Eastern_Interconnect_515GW,0.248069,9.645863077775e-10,cuda_edge_modified,7,edge_based,0.2269152465708,end2end,76439,cuda_edge_modified,2038,2,0.032833,cuda_mixed_edge_modified,True
modified,0.209246,cuda,78478,Base_Eastern_Interconnect_515GW,mixed,Base_Eastern_Interconnect_515GW,0.241164,2.493775547302e-09,cuda_edge_modified,7,edge_based,0.2269152465939,end2end,76439,cuda_edge_modified,2038,3,0.031917,cuda_mixed_edge_modified,True
modified,0.212032,cuda,78478,Base_Eastern_Interconnect_515GW,mixed,Base_Eastern_Interconnect_515GW,0.243935,1.394076900653e-09,cuda_edge_modified,7,edge_based,0.2269152465947,end2end,76439,cuda_edge_modified,2038,4,0.031903,cuda_mixed_edge_modified,True
modified,0.194861,cuda,78478,Base_Eastern_Interconnect_515GW,mixed,Base_Eastern_Interconnect_515GW,0.226786,2.41476046975e-09,cuda_edge_modified,7,edge_based,0.2269152465786,end2end,76439,cuda_edge_modified,2038,5,0.031925,cuda_mixed_edge_modified,True
modified,0.190844,cuda,78478,Base_Eastern_Interconnect_515GW,mixed,Base_Eastern_Interconnect_515GW,0.222526,3.923389613192e-09,cuda_edge_modified,7,edge_based,0.2269152465883,end2end,76439,cuda_edge_modified,2038,6,0.031681,cuda_mixed_edge_modified,True
modified,0.191899,cuda,78478,Base_Eastern_Interconnect_515GW,mixed,Base_Eastern_Interconnect_515GW,0.223799,2.691878383821e-09,cuda_edge_modified,7,edge_based,0.2269152465883,end2end,76439,cuda_edge_modified,2038,7,0.0319,cuda_mixed_edge_modified,True
modified,0.197308,cuda,78478,Base_Eastern_Interconnect_515GW,mixed,Base_Eastern_Interconnect_515GW,0.228958,2.289482381457e-09,cuda_edge_modified,7,edge_based,0.2269152466,end2end,76439,cuda_edge_modified,2038,8,0.031649,cuda_mixed_edge_modified,True
modified,0.198442,cuda,78478,Base_Eastern_Interconnect_515GW,mixed,Base_Eastern_Interconnect_515GW,0.224445,2.127488893389e-09,cuda_edge_modified,7,edge_based,0.226915246584,end2end,76439,cuda_edge_modified,2038,9,0.026002,cuda_mixed_edge_modified,True
