analyze_sec,backend,buses,case_name,compute,dump_case_name,elapsed_sec,final_mismatch,implementation,iterations,jacobian,max_abs_v_delta_from_v0,measurement_mode,mg_device_indices,mg_enabled,pq,profile,profile_label,pv,repeat_idx,solve_sec,source_profile,success,variant
0.011499,cuda,200,case_ACTIVSg200,mixed,case_ACTIVSg200,0.012066,4.409648457053e-12,cuda_mixed_edge,3,edge_based,0.0005626048489295,end2end,,False,162,cuda_edge,CUDA mixed edge,37,0,0.000567,cuda_mixed_edge,True,baseline
0.01119,cuda,200,case_ACTIVSg200,mixed,case_ACTIVSg200,0.011751,3.984892894943e-12,cuda_mixed_edge,3,edge_based,0.0005626048489239,end2end,,False,162,cuda_edge,CUDA mixed edge,37,1,0.000561,cuda_mixed_edge,True,baseline
0.011276,cuda,200,case_ACTIVSg200,mixed,case_ACTIVSg200,0.011849,4.293091402537e-12,cuda_mixed_edge,3,edge_based,0.0005626048488962,end2end,,False,162,cuda_edge,CUDA mixed edge,37,2,0.000572,cuda_mixed_edge,True,baseline
0.011182,cuda,200,case_ACTIVSg200,mixed,case_ACTIVSg200,0.011732,4.231118718238e-12,cuda_mixed_edge,3,edge_based,0.0005626048489092,end2end,,False,162,cuda_edge,CUDA mixed edge,37,3,0.00055,cuda_mixed_edge,True,baseline
0.011174,cuda,200,case_ACTIVSg200,mixed,case_ACTIVSg200,0.011737,4.27685717484e-12,cuda_mixed_edge,3,edge_based,0.0005626048489332,end2end,,False,162,cuda_edge,CUDA mixed edge,37,4,0.000562,cuda_mixed_edge,True,baseline
0.011156,cuda,200,case_ACTIVSg200,mixed,case_ACTIVSg200,0.011717,4.271170307763e-12,cuda_mixed_edge,3,edge_based,0.0005626048489332,end2end,,False,162,cuda_edge,CUDA mixed edge,37,5,0.00056,cuda_mixed_edge,True,baseline
0.011193,cuda,200,case_ACTIVSg200,mixed,case_ACTIVSg200,0.011926,4.350761686208e-12,cuda_mixed_edge,3,edge_based,0.0005626048489332,end2end,,False,162,cuda_edge,CUDA mixed edge,37,6,0.000732,cuda_mixed_edge,True,baseline
0.011198,cuda,200,case_ACTIVSg200,mixed,case_ACTIVSg200,0.011755,4.093828489985e-12,cuda_mixed_edge,3,edge_based,0.0005626048489092,end2end,,False,162,cuda_edge,CUDA mixed edge,37,7,0.000556,cuda_mixed_edge,True,baseline
0.011235,cuda,200,case_ACTIVSg200,mixed,case_ACTIVSg200,0.011802,4.520508594239e-12,cuda_mixed_edge,3,edge_based,0.0005626048489018,end2end,,False,162,cuda_edge,CUDA mixed edge,37,8,0.000567,cuda_mixed_edge,True,baseline
0.011202,cuda,200,case_ACTIVSg200,mixed,case_ACTIVSg200,0.011773,4.065691783143e-12,cuda_mixed_edge,3,edge_based,0.0005626048489387,end2end,,False,162,cuda_edge,CUDA mixed edge,37,9,0.000571,cuda_mixed_edge,True,baseline
0.012929,cuda,500,case_ACTIVSg500,mixed,case_ACTIVSg500,0.013944,8.161023191123e-11,cuda_mixed_edge,4,edge_based,0.0305856171901,end2end,,False,444,cuda_edge,CUDA mixed edge,55,0,0.001014,cuda_mixed_edge,True,baseline
0.012733,cuda,500,case_ACTIVSg500,mixed,case_ACTIVSg500,0.013754,6.756567421426e-11,cuda_mixed_edge,4,edge_based,0.03058561718992,end2end,,False,444,cuda_edge,CUDA mixed edge,55,1,0.00102,cuda_mixed_edge,True,baseline
0.012636,cuda,500,case_ACTIVSg500,mixed,case_ACTIVSg500,0.013642,5.803610101341e-11,cuda_mixed_edge,4,edge_based,0.03058561719009,end2end,,False,444,cuda_edge,CUDA mixed edge,55,2,0.001006,cuda_mixed_edge,True,baseline
0.012602,cuda,500,case_ACTIVSg500,mixed,case_ACTIVSg500,0.013597,4.959753984147e-11,cuda_mixed_edge,4,edge_based,0.03058561719004,end2end,,False,444,cuda_edge,CUDA mixed edge,55,3,0.000995,cuda_mixed_edge,True,baseline
0.012613,cuda,500,case_ACTIVSg500,mixed,case_ACTIVSg500,0.013619,5.498845749636e-11,cuda_mixed_edge,4,edge_based,0.03058561718992,end2end,,False,444,cuda_edge,CUDA mixed edge,55,4,0.001006,cuda_mixed_edge,True,baseline
0.012601,cuda,500,case_ACTIVSg500,mixed,case_ACTIVSg500,0.013595,6.729080816129e-11,cuda_mixed_edge,4,edge_based,0.03058561719003,end2end,,False,444,cuda_edge,CUDA mixed edge,55,5,0.000993,cuda_mixed_edge,True,baseline
0.012805,cuda,500,case_ACTIVSg500,mixed,case_ACTIVSg500,0.013817,5.192038934727e-11,cuda_mixed_edge,4,edge_based,0.03058561719009,end2end,,False,444,cuda_edge,CUDA mixed edge,55,6,0.001012,cuda_mixed_edge,True,baseline
0.012643,cuda,500,case_ACTIVSg500,mixed,case_ACTIVSg500,0.013665,5.705456960989e-11,cuda_mixed_edge,4,edge_based,0.03058561718986,end2end,,False,444,cuda_edge,CUDA mixed edge,55,7,0.001022,cuda_mixed_edge,True,baseline
0.012736,cuda,500,case_ACTIVSg500,mixed,case_ACTIVSg500,0.013763,6.692547127644e-11,cuda_mixed_edge,4,edge_based,0.03058561718981,end2end,,False,444,cuda_edge,CUDA mixed edge,55,8,0.001027,cuda_mixed_edge,True,baseline
0.012637,cuda,500,case_ACTIVSg500,mixed,case_ACTIVSg500,0.013668,5.733420546137e-11,cuda_mixed_edge,4,edge_based,0.03058561718991,end2end,,False,444,cuda_edge,CUDA mixed edge,55,9,0.001031,cuda_mixed_edge,True,baseline
0.015745,cuda,993,MemphisCase2026_Mar7,mixed,MemphisCase2026_Mar7,0.016827,2.225333621419e-12,cuda_mixed_edge,3,edge_based,6.383030318725e-05,end2end,,False,805,cuda_edge,CUDA mixed edge,187,0,0.001081,cuda_mixed_edge,True,baseline
0.015212,cuda,993,MemphisCase2026_Mar7,mixed,MemphisCase2026_Mar7,0.016287,3.671090677067e-12,cuda_mixed_edge,3,edge_based,6.383030322451e-05,end2end,,False,805,cuda_edge,CUDA mixed edge,187,1,0.001074,cuda_mixed_edge,True,baseline
0.01533,cuda,993,MemphisCase2026_Mar7,mixed,MemphisCase2026_Mar7,0.016408,4.178375689425e-12,cuda_mixed_edge,3,edge_based,6.383030320952e-05,end2end,,False,805,cuda_edge,CUDA mixed edge,187,2,0.001078,cuda_mixed_edge,True,baseline
0.015172,cuda,993,MemphisCase2026_Mar7,mixed,MemphisCase2026_Mar7,0.016242,2.475915646714e-12,cuda_mixed_edge,3,edge_based,6.383030325097e-05,end2end,,False,805,cuda_edge,CUDA mixed edge,187,3,0.001069,cuda_mixed_edge,True,baseline
0.015192,cuda,993,MemphisCase2026_Mar7,mixed,MemphisCase2026_Mar7,0.016345,1.874547256231e-12,cuda_mixed_edge,3,edge_based,6.383030322495e-05,end2end,,False,805,cuda_edge,CUDA mixed edge,187,4,0.001153,cuda_mixed_edge,True,baseline
0.015223,cuda,993,MemphisCase2026_Mar7,mixed,MemphisCase2026_Mar7,0.016313,4.381308122127e-12,cuda_mixed_edge,3,edge_based,6.383030322454e-05,end2end,,False,805,cuda_edge,CUDA mixed edge,187,5,0.00109,cuda_mixed_edge,True,baseline
0.015203,cuda,993,MemphisCase2026_Mar7,mixed,MemphisCase2026_Mar7,0.016294,5.251045544574e-12,cuda_mixed_edge,3,edge_based,6.383030324629e-05,end2end,,False,805,cuda_edge,CUDA mixed edge,187,6,0.00109,cuda_mixed_edge,True,baseline
0.015279,cuda,993,MemphisCase2026_Mar7,mixed,MemphisCase2026_Mar7,0.016363,3.832196936975e-12,cuda_mixed_edge,3,edge_based,6.383030326372e-05,end2end,,False,805,cuda_edge,CUDA mixed edge,187,7,0.001084,cuda_mixed_edge,True,baseline
0.015218,cuda,993,MemphisCase2026_Mar7,mixed,MemphisCase2026_Mar7,0.016306,4.723696582825e-12,cuda_mixed_edge,3,edge_based,6.383030316202e-05,end2end,,False,805,cuda_edge,CUDA mixed edge,187,8,0.001087,cuda_mixed_edge,True,baseline
0.015213,cuda,993,MemphisCase2026_Mar7,mixed,MemphisCase2026_Mar7,0.016301,4.886392603162e-12,cuda_mixed_edge,3,edge_based,6.383030323281e-05,end2end,,False,805,cuda_edge,CUDA mixed edge,187,9,0.001087,cuda_mixed_edge,True,baseline
0.021162,cuda,2000,case_ACTIVSg2000,mixed,case_ACTIVSg2000,0.023346,3.674077410754e-09,cuda_mixed_edge,4,edge_based,0.02916330897959,end2end,,False,1608,cuda_edge,CUDA mixed edge,391,0,0.002183,cuda_mixed_edge,True,baseline
0.020337,cuda,2000,case_ACTIVSg2000,mixed,case_ACTIVSg2000,0.022518,3.099899059534e-09,cuda_mixed_edge,4,edge_based,0.02916330897711,end2end,,False,1608,cuda_edge,CUDA mixed edge,391,1,0.00218,cuda_mixed_edge,True,baseline
0.020294,cuda,2000,case_ACTIVSg2000,mixed,case_ACTIVSg2000,0.022468,4.066423270499e-09,cuda_mixed_edge,4,edge_based,0.02916330892434,end2end,,False,1608,cuda_edge,CUDA mixed edge,391,2,0.002173,cuda_mixed_edge,True,baseline
0.020282,cuda,2000,case_ACTIVSg2000,mixed,case_ACTIVSg2000,0.022457,2.776078520841e-09,cuda_mixed_edge,4,edge_based,0.0291633089368,end2end,,False,1608,cuda_edge,CUDA mixed edge,391,3,0.002174,cuda_mixed_edge,True,baseline
0.020293,cuda,2000,case_ACTIVSg2000,mixed,case_ACTIVSg2000,0.022452,5.030384592865e-09,cuda_mixed_edge,4,edge_based,0.02916330892079,end2end,,False,1608,cuda_edge,CUDA mixed edge,391,4,0.002159,cuda_mixed_edge,True,baseline
0.020261,cuda,2000,case_ACTIVSg2000,mixed,case_ACTIVSg2000,0.022427,3.260821809635e-09,cuda_mixed_edge,4,edge_based,0.02916330895414,end2end,,False,1608,cuda_edge,CUDA mixed edge,391,5,0.002166,cuda_mixed_edge,True,baseline
0.02028,cuda,2000,case_ACTIVSg2000,mixed,case_ACTIVSg2000,0.02245,3.67060338936e-09,cuda_mixed_edge,4,edge_based,0.02916330899497,end2end,,False,1608,cuda_edge,CUDA mixed edge,391,6,0.002169,cuda_mixed_edge,True,baseline
0.02024,cuda,2000,case_ACTIVSg2000,mixed,case_ACTIVSg2000,0.022409,3.197485145163e-09,cuda_mixed_edge,4,edge_based,0.0291633089934,end2end,,False,1608,cuda_edge,CUDA mixed edge,391,7,0.002169,cuda_mixed_edge,True,baseline
0.020286,cuda,2000,case_ACTIVSg2000,mixed,case_ACTIVSg2000,0.022466,3.869897144244e-09,cuda_mixed_edge,4,edge_based,0.02916330898163,end2end,,False,1608,cuda_edge,CUDA mixed edge,391,8,0.002179,cuda_mixed_edge,True,baseline
0.020307,cuda,2000,case_ACTIVSg2000,mixed,case_ACTIVSg2000,0.02248,3.425696241866e-09,cuda_mixed_edge,4,edge_based,0.02916330897854,end2end,,False,1608,cuda_edge,CUDA mixed edge,391,9,0.002173,cuda_mixed_edge,True,baseline
0.038857,cuda,5658,Base_Florida_42GW,mixed,Base_Florida_42GW,0.042992,3.013225988169e-10,cuda_mixed_edge,5,edge_based,0.05033550758064,end2end,,False,5553,cuda_edge,CUDA mixed edge,104,0,0.004134,cuda_mixed_edge,True,baseline
0.036597,cuda,5658,Base_Florida_42GW,mixed,Base_Florida_42GW,0.040718,3.14588334549e-10,cuda_mixed_edge,5,edge_based,0.05033550758054,end2end,,False,5553,cuda_edge,CUDA mixed edge,104,1,0.004121,cuda_mixed_edge,True,baseline
0.036769,cuda,5658,Base_Florida_42GW,mixed,Base_Florida_42GW,0.040833,3.122690300783e-10,cuda_mixed_edge,5,edge_based,0.05033550758092,end2end,,False,5553,cuda_edge,CUDA mixed edge,104,2,0.004064,cuda_mixed_edge,True,baseline
0.036664,cuda,5658,Base_Florida_42GW,mixed,Base_Florida_42GW,0.040724,2.60192402346e-10,cuda_mixed_edge,5,edge_based,0.05033550758073,end2end,,False,5553,cuda_edge,CUDA mixed edge,104,3,0.00406,cuda_mixed_edge,True,baseline
0.036505,cuda,5658,Base_Florida_42GW,mixed,Base_Florida_42GW,0.040612,2.668130161254e-10,cuda_mixed_edge,5,edge_based,0.0503355075805,end2end,,False,5553,cuda_edge,CUDA mixed edge,104,4,0.004106,cuda_mixed_edge,True,baseline
0.036657,cuda,5658,Base_Florida_42GW,mixed,Base_Florida_42GW,0.040715,3.044302449018e-10,cuda_mixed_edge,5,edge_based,0.05033550758062,end2end,,False,5553,cuda_edge,CUDA mixed edge,104,5,0.004057,cuda_mixed_edge,True,baseline
0.036559,cuda,5658,Base_Florida_42GW,mixed,Base_Florida_42GW,0.040627,3.041371599011e-10,cuda_mixed_edge,5,edge_based,0.0503355075806,end2end,,False,5553,cuda_edge,CUDA mixed edge,104,6,0.004068,cuda_mixed_edge,True,baseline
0.036486,cuda,5658,Base_Florida_42GW,mixed,Base_Florida_42GW,0.040591,1.830342821751e-10,cuda_mixed_edge,5,edge_based,0.05033550758093,end2end,,False,5553,cuda_edge,CUDA mixed edge,104,7,0.004105,cuda_mixed_edge,True,baseline
0.03667,cuda,5658,Base_Florida_42GW,mixed,Base_Florida_42GW,0.040722,2.753259842336e-10,cuda_mixed_edge,5,edge_based,0.05033550758045,end2end,,False,5553,cuda_edge,CUDA mixed edge,104,8,0.004052,cuda_mixed_edge,True,baseline
0.036498,cuda,5658,Base_Florida_42GW,mixed,Base_Florida_42GW,0.04055,4.012393264863e-10,cuda_mixed_edge,5,edge_based,0.05033550758056,end2end,,False,5553,cuda_edge,CUDA mixed edge,104,9,0.004051,cuda_mixed_edge,True,baseline
0.04161,cuda,6717,Texas7k_20220923,mixed,Texas7k_20220923,0.045258,6.247127294367e-11,cuda_mixed_edge,4,edge_based,0.01575196529858,end2end,,False,6127,cuda_edge,CUDA mixed edge,589,0,0.003648,cuda_mixed_edge,True,baseline
0.039346,cuda,6717,Texas7k_20220923,mixed,Texas7k_20220923,0.043009,8.417249760803e-11,cuda_mixed_edge,4,edge_based,0.01575196529917,end2end,,False,6127,cuda_edge,CUDA mixed edge,589,1,0.003662,cuda_mixed_edge,True,baseline
0.039473,cuda,6717,Texas7k_20220923,mixed,Texas7k_20220923,0.043123,4.965890948975e-11,cuda_mixed_edge,4,edge_based,0.01575196529906,end2end,,False,6127,cuda_edge,CUDA mixed edge,589,2,0.00365,cuda_mixed_edge,True,baseline
0.039457,cuda,6717,Texas7k_20220923,mixed,Texas7k_20220923,0.043057,9.804003369992e-11,cuda_mixed_edge,4,edge_based,0.01575196529891,end2end,,False,6127,cuda_edge,CUDA mixed edge,589,3,0.0036,cuda_mixed_edge,True,baseline
0.039404,cuda,6717,Texas7k_20220923,mixed,Texas7k_20220923,0.042997,2.045334251423e-10,cuda_mixed_edge,4,edge_based,0.01575196529949,end2end,,False,6127,cuda_edge,CUDA mixed edge,589,4,0.003592,cuda_mixed_edge,True,baseline
0.039557,cuda,6717,Texas7k_20220923,mixed,Texas7k_20220923,0.043261,5.970342712475e-11,cuda_mixed_edge,4,edge_based,0.01575196529888,end2end,,False,6127,cuda_edge,CUDA mixed edge,589,5,0.003704,cuda_mixed_edge,True,baseline
0.039577,cuda,6717,Texas7k_20220923,mixed,Texas7k_20220923,0.043173,1.230783915798e-10,cuda_mixed_edge,4,edge_based,0.01575196529873,end2end,,False,6127,cuda_edge,CUDA mixed edge,589,6,0.003595,cuda_mixed_edge,True,baseline
0.039393,cuda,6717,Texas7k_20220923,mixed,Texas7k_20220923,0.042977,9.019039593242e-11,cuda_mixed_edge,4,edge_based,0.01575196529898,end2end,,False,6127,cuda_edge,CUDA mixed edge,589,7,0.003584,cuda_mixed_edge,True,baseline
0.039381,cuda,6717,Texas7k_20220923,mixed,Texas7k_20220923,0.043021,1.366121985267e-10,cuda_mixed_edge,4,edge_based,0.01575196530034,end2end,,False,6127,cuda_edge,CUDA mixed edge,589,8,0.003639,cuda_mixed_edge,True,baseline
0.039432,cuda,6717,Texas7k_20220923,mixed,Texas7k_20220923,0.04308,1.872544223153e-10,cuda_mixed_edge,4,edge_based,0.0157519652997,end2end,,False,6127,cuda_edge,CUDA mixed edge,589,9,0.003648,cuda_mixed_edge,True,baseline
0.047861,cuda,7336,Base_Texas_66GW,mixed,Base_Texas_66GW,0.052965,1.356026402277e-11,cuda_mixed_edge,5,edge_based,0.2290447115572,end2end,,False,7096,cuda_edge,CUDA mixed edge,239,0,0.005104,cuda_mixed_edge,True,baseline
0.045063,cuda,7336,Base_Texas_66GW,mixed,Base_Texas_66GW,0.050153,1.307043362431e-11,cuda_mixed_edge,5,edge_based,0.2290447115582,end2end,,False,7096,cuda_edge,CUDA mixed edge,239,1,0.00509,cuda_mixed_edge,True,baseline
0.045165,cuda,7336,Base_Texas_66GW,mixed,Base_Texas_66GW,0.050278,2.532107856723e-11,cuda_mixed_edge,5,edge_based,0.2290447115558,end2end,,False,7096,cuda_edge,CUDA mixed edge,239,2,0.005113,cuda_mixed_edge,True,baseline
0.045238,cuda,7336,Base_Texas_66GW,mixed,Base_Texas_66GW,0.050282,1.94907519282e-11,cuda_mixed_edge,5,edge_based,0.2290447115579,end2end,,False,7096,cuda_edge,CUDA mixed edge,239,3,0.005043,cuda_mixed_edge,True,baseline
0.045079,cuda,7336,Base_Texas_66GW,mixed,Base_Texas_66GW,0.050179,1.903899260469e-11,cuda_mixed_edge,5,edge_based,0.2290447115574,end2end,,False,7096,cuda_edge,CUDA mixed edge,239,4,0.0051,cuda_mixed_edge,True,baseline
0.04521,cuda,7336,Base_Texas_66GW,mixed,Base_Texas_66GW,0.051505,3.681233096131e-11,cuda_mixed_edge,5,edge_based,0.2290447115559,end2end,,False,7096,cuda_edge,CUDA mixed edge,239,5,0.006294,cuda_mixed_edge,True,baseline
0.052928,cuda,7336,Base_Texas_66GW,mixed,Base_Texas_66GW,0.059773,8.511413795986e-12,cuda_mixed_edge,5,edge_based,0.2290447115573,end2end,,False,7096,cuda_edge,CUDA mixed edge,239,6,0.006845,cuda_mixed_edge,True,baseline
0.045982,cuda,7336,Base_Texas_66GW,mixed,Base_Texas_66GW,0.052873,4.891465010814e-11,cuda_mixed_edge,5,edge_based,0.2290447115574,end2end,,False,7096,cuda_edge,CUDA mixed edge,239,7,0.00689,cuda_mixed_edge,True,baseline
0.045992,cuda,7336,Base_Texas_66GW,mixed,Base_Texas_66GW,0.052549,8.863203435154e-12,cuda_mixed_edge,5,edge_based,0.2290447115567,end2end,,False,7096,cuda_edge,CUDA mixed edge,239,8,0.006556,cuda_mixed_edge,True,baseline
0.046067,cuda,7336,Base_Texas_66GW,mixed,Base_Texas_66GW,0.052794,8.521118247772e-12,cuda_mixed_edge,5,edge_based,0.2290447115576,end2end,,False,7096,cuda_edge,CUDA mixed edge,239,9,0.006727,cuda_mixed_edge,True,baseline
0.06549,cuda,10189,Base_MIOHIN_76GW,mixed,Base_MIOHIN_76GW,0.072012,9.757448182768e-10,cuda_mixed_edge,5,edge_based,0.05334083387563,end2end,,False,9998,cuda_edge,CUDA mixed edge,190,0,0.006521,cuda_mixed_edge,True,baseline
0.061649,cuda,10189,Base_MIOHIN_76GW,mixed,Base_MIOHIN_76GW,0.068184,1.893897882467e-09,cuda_mixed_edge,5,edge_based,0.05334083387089,end2end,,False,9998,cuda_edge,CUDA mixed edge,190,1,0.006534,cuda_mixed_edge,True,baseline
0.061487,cuda,10189,Base_MIOHIN_76GW,mixed,Base_MIOHIN_76GW,0.068044,1.364373503066e-09,cuda_mixed_edge,5,edge_based,0.05334083387719,end2end,,False,9998,cuda_edge,CUDA mixed edge,190,2,0.006556,cuda_mixed_edge,True,baseline
0.061489,cuda,10189,Base_MIOHIN_76GW,mixed,Base_MIOHIN_76GW,0.068022,2.630451440687e-09,cuda_mixed_edge,5,edge_based,0.05334083387823,end2end,,False,9998,cuda_edge,CUDA mixed edge,190,3,0.006532,cuda_mixed_edge,True,baseline
0.061409,cuda,10189,Base_MIOHIN_76GW,mixed,Base_MIOHIN_76GW,0.06796,2.22739298519e-09,cuda_mixed_edge,5,edge_based,0.05334083386962,end2end,,False,9998,cuda_edge,CUDA mixed edge,190,4,0.006551,cuda_mixed_edge,True,baseline
0.061648,cuda,10189,Base_MIOHIN_76GW,mixed,Base_MIOHIN_76GW,0.068185,1.324006237979e-09,cuda_mixed_edge,5,edge_based,0.05334083387502,end2end,,False,9998,cuda_edge,CUDA mixed edge,190,5,0.006537,cuda_mixed_edge,True,baseline
0.061124,cuda,10189,Base_MIOHIN_76GW,mixed,Base_MIOHIN_76GW,0.067648,1.477685041213e-09,cuda_mixed_edge,5,edge_based,0.05334083387863,end2end,,False,9998,cuda_edge,CUDA mixed edge,190,6,0.006524,cuda_mixed_edge,True,baseline
0.061411,cuda,10189,Base_MIOHIN_76GW,mixed,Base_MIOHIN_76GW,0.067958,1.101416551009e-09,cuda_mixed_edge,5,edge_based,0.05334083387776,end2end,,False,9998,cuda_edge,CUDA mixed edge,190,7,0.006546,cuda_mixed_edge,True,baseline
0.061264,cuda,10189,Base_MIOHIN_76GW,mixed,Base_MIOHIN_76GW,0.067815,1.00857247735e-09,cuda_mixed_edge,5,edge_based,0.05334083387663,end2end,,False,9998,cuda_edge,CUDA mixed edge,190,8,0.006551,cuda_mixed_edge,True,baseline
0.06107,cuda,10189,Base_MIOHIN_76GW,mixed,Base_MIOHIN_76GW,0.067612,1.452566067428e-09,cuda_mixed_edge,5,edge_based,0.05334083387463,end2end,,False,9998,cuda_edge,CUDA mixed edge,190,9,0.006541,cuda_mixed_edge,True,baseline
0.103607,cuda,20758,Base_West_Interconnect_121GW,mixed,Base_West_Interconnect_121GW,0.113245,1.890399114754e-11,cuda_mixed_edge,6,edge_based,0.04032063151683,end2end,,False,19991,cuda_edge,CUDA mixed edge,766,0,0.009638,cuda_mixed_edge,True,baseline
0.097103,cuda,20758,Base_West_Interconnect_121GW,mixed,Base_West_Interconnect_121GW,0.10666,1.515041425648e-10,cuda_mixed_edge,6,edge_based,0.04032063151777,end2end,,False,19991,cuda_edge,CUDA mixed edge,766,1,0.009557,cuda_mixed_edge,True,baseline
0.097446,cuda,20758,Base_West_Interconnect_121GW,mixed,Base_West_Interconnect_121GW,0.105256,4.622357607786e-09,cuda_mixed_edge,5,edge_based,0.04032063156288,end2end,,False,19991,cuda_edge,CUDA mixed edge,766,2,0.00781,cuda_mixed_edge,True,baseline
0.097248,cuda,20758,Base_West_Interconnect_121GW,mixed,Base_West_Interconnect_121GW,0.106808,1.536539784297e-10,cuda_mixed_edge,6,edge_based,0.04032063151776,end2end,,False,19991,cuda_edge,CUDA mixed edge,766,3,0.00956,cuda_mixed_edge,True,baseline
0.097358,cuda,20758,Base_West_Interconnect_121GW,mixed,Base_West_Interconnect_121GW,0.106918,9.583288115554e-11,cuda_mixed_edge,6,edge_based,0.04032063151677,end2end,,False,19991,cuda_edge,CUDA mixed edge,766,4,0.009559,cuda_mixed_edge,True,baseline
0.097183,cuda,20758,Base_West_Interconnect_121GW,mixed,Base_West_Interconnect_121GW,0.106751,5.341371789314e-11,cuda_mixed_edge,6,edge_based,0.04032063151707,end2end,,False,19991,cuda_edge,CUDA mixed edge,766,5,0.009568,cuda_mixed_edge,True,baseline
0.097454,cuda,20758,Base_West_Interconnect_121GW,mixed,Base_West_Interconnect_121GW,0.10705,1.559428142173e-10,cuda_mixed_edge,6,edge_based,0.04032063151762,end2end,,False,19991,cuda_edge,CUDA mixed edge,766,6,0.009595,cuda_mixed_edge,True,baseline
0.097452,cuda,20758,Base_West_Interconnect_121GW,mixed,Base_West_Interconnect_121GW,0.10703,8.578318490546e-11,cuda_mixed_edge,6,edge_based,0.04032063151691,end2end,,False,19991,cuda_edge,CUDA mixed edge,766,7,0.009578,cuda_mixed_edge,True,baseline
0.097518,cuda,20758,Base_West_Interconnect_121GW,mixed,Base_West_Interconnect_121GW,0.105351,7.129286938579e-09,cuda_mixed_edge,5,edge_based,0.04032063151791,end2end,,False,19991,cuda_edge,CUDA mixed edge,766,8,0.007833,cuda_mixed_edge,True,baseline
0.097468,cuda,20758,Base_West_Interconnect_121GW,mixed,Base_West_Interconnect_121GW,0.107014,4.780531526194e-11,cuda_mixed_edge,6,edge_based,0.04032063151726,end2end,,False,19991,cuda_edge,CUDA mixed edge,766,9,0.009545,cuda_mixed_edge,True,baseline
0.116689,cuda,25000,case_ACTIVSg25k,mixed,case_ACTIVSg25k,0.125169,2.503906317978e-09,cuda_mixed_edge,5,edge_based,0.05938100425375,end2end,,False,22247,cuda_edge,CUDA mixed edge,2752,0,0.00848,cuda_mixed_edge,True,baseline
0.109758,cuda,25000,case_ACTIVSg25k,mixed,case_ACTIVSg25k,0.118418,3.46845716509e-09,cuda_mixed_edge,5,edge_based,0.05938100425262,end2end,,False,22247,cuda_edge,CUDA mixed edge,2752,1,0.00866,cuda_mixed_edge,True,baseline
0.110165,cuda,25000,case_ACTIVSg25k,mixed,case_ACTIVSg25k,0.118833,2.08574418432e-09,cuda_mixed_edge,5,edge_based,0.05938100424514,end2end,,False,22247,cuda_edge,CUDA mixed edge,2752,2,0.008668,cuda_mixed_edge,True,baseline
0.110678,cuda,25000,case_ACTIVSg25k,mixed,case_ACTIVSg25k,0.119335,3.188350398585e-09,cuda_mixed_edge,5,edge_based,0.05938100424599,end2end,,False,22247,cuda_edge,CUDA mixed edge,2752,3,0.008656,cuda_mixed_edge,True,baseline
0.109894,cuda,25000,case_ACTIVSg25k,mixed,case_ACTIVSg25k,0.118605,3.488906545149e-09,cuda_mixed_edge,5,edge_based,0.05938100424296,end2end,,False,22247,cuda_edge,CUDA mixed edge,2752,4,0.008711,cuda_mixed_edge,True,baseline
0.109757,cuda,25000,case_ACTIVSg25k,mixed,case_ACTIVSg25k,0.118364,1.537203132012e-09,cuda_mixed_edge,5,edge_based,0.05938100424669,end2end,,False,22247,cuda_edge,CUDA mixed edge,2752,5,0.008607,cuda_mixed_edge,True,baseline
0.110046,cuda,25000,case_ACTIVSg25k,mixed,case_ACTIVSg25k,0.118691,3.27785534637e-09,cuda_mixed_edge,5,edge_based,0.05938100424843,end2end,,False,22247,cuda_edge,CUDA mixed edge,2752,6,0.008645,cuda_mixed_edge,True,baseline
0.110361,cuda,25000,case_ACTIVSg25k,mixed,case_ACTIVSg25k,0.118988,2.480927134031e-09,cuda_mixed_edge,5,edge_based,0.05938100424336,end2end,,False,22247,cuda_edge,CUDA mixed edge,2752,7,0.008627,cuda_mixed_edge,True,baseline
0.109923,cuda,25000,case_ACTIVSg25k,mixed,case_ACTIVSg25k,0.118574,2.416347097189e-09,cuda_mixed_edge,5,edge_based,0.05938100423806,end2end,,False,22247,cuda_edge,CUDA mixed edge,2752,8,0.008651,cuda_mixed_edge,True,baseline
0.109869,cuda,25000,case_ACTIVSg25k,mixed,case_ACTIVSg25k,0.118661,2.083151939397e-09,cuda_mixed_edge,5,edge_based,0.05938100424896,end2end,,False,22247,cuda_edge,CUDA mixed edge,2752,9,0.008792,cuda_mixed_edge,True,baseline
0.310136,cuda,70000,case_ACTIVSg70k,mixed,case_ACTIVSg70k,0.343905,2.833133215082e-11,cuda_mixed_edge,8,edge_based,0.08741618894501,end2end,,False,64105,cuda_edge,CUDA mixed edge,5894,0,0.033768,cuda_mixed_edge,True,baseline
0.29047,cuda,70000,case_ACTIVSg70k,mixed,case_ACTIVSg70k,0.320007,1.98050030179e-10,cuda_mixed_edge,7,edge_based,0.08741618901384,end2end,,False,64105,cuda_edge,CUDA mixed edge,5894,1,0.029536,cuda_mixed_edge,True,baseline
0.29067,cuda,70000,case_ACTIVSg70k,mixed,case_ACTIVSg70k,0.320749,2.081713086102e-09,cuda_mixed_edge,7,edge_based,0.08741618920547,end2end,,False,64105,cuda_edge,CUDA mixed edge,5894,2,0.030078,cuda_mixed_edge,True,baseline
0.291372,cuda,70000,case_ACTIVSg70k,mixed,case_ACTIVSg70k,0.320448,2.266552890906e-09,cuda_mixed_edge,7,edge_based,0.08741618906363,end2end,,False,64105,cuda_edge,CUDA mixed edge,5894,3,0.029076,cuda_mixed_edge,True,baseline
0.290554,cuda,70000,case_ACTIVSg70k,mixed,case_ACTIVSg70k,0.319925,2.359847169852e-09,cuda_mixed_edge,7,edge_based,0.08741618914803,end2end,,False,64105,cuda_edge,CUDA mixed edge,5894,4,0.02937,cuda_mixed_edge,True,baseline
0.291746,cuda,70000,case_ACTIVSg70k,mixed,case_ACTIVSg70k,0.321245,3.951591962328e-09,cuda_mixed_edge,7,edge_based,0.08741618920009,end2end,,False,64105,cuda_edge,CUDA mixed edge,5894,5,0.029499,cuda_mixed_edge,True,baseline
0.290438,cuda,70000,case_ACTIVSg70k,mixed,case_ACTIVSg70k,0.320015,1.247310834823e-09,cuda_mixed_edge,7,edge_based,0.08741618913653,end2end,,False,64105,cuda_edge,CUDA mixed edge,5894,6,0.029576,cuda_mixed_edge,True,baseline
0.290451,cuda,70000,case_ACTIVSg70k,mixed,case_ACTIVSg70k,0.319968,5.402076712184e-09,cuda_mixed_edge,7,edge_based,0.08741618901134,end2end,,False,64105,cuda_edge,CUDA mixed edge,5894,7,0.029517,cuda_mixed_edge,True,baseline
0.29159,cuda,70000,case_ACTIVSg70k,mixed,case_ACTIVSg70k,0.32168,4.2981696017e-09,cuda_mixed_edge,7,edge_based,0.08741618911198,end2end,,False,64105,cuda_edge,CUDA mixed edge,5894,8,0.030089,cuda_mixed_edge,True,baseline
0.29059,cuda,70000,case_ACTIVSg70k,mixed,case_ACTIVSg70k,0.319971,1.038020713873e-09,cuda_mixed_edge,7,edge_based,0.087416189122,end2end,,False,64105,cuda_edge,CUDA mixed edge,5894,9,0.029381,cuda_mixed_edge,True,baseline
0.380645,cuda,78478,Base_Eastern_Interconnect_515GW,mixed,Base_Eastern_Interconnect_515GW,0.416585,5.190894034057e-09,cuda_mixed_edge,6,edge_based,0.2269152465196,end2end,,False,76439,cuda_edge,CUDA mixed edge,2038,0,0.035939,cuda_mixed_edge,True,baseline
0.35831,cuda,78478,Base_Eastern_Interconnect_515GW,mixed,Base_Eastern_Interconnect_515GW,0.400016,1.784915271141e-11,cuda_mixed_edge,7,edge_based,0.2269152465437,end2end,,False,76439,cuda_edge,CUDA mixed edge,2038,1,0.041705,cuda_mixed_edge,True,baseline
0.356646,cuda,78478,Base_Eastern_Interconnect_515GW,mixed,Base_Eastern_Interconnect_515GW,0.398027,2.037611215752e-11,cuda_mixed_edge,7,edge_based,0.2269152465439,end2end,,False,76439,cuda_edge,CUDA mixed edge,2038,2,0.041381,cuda_mixed_edge,True,baseline
0.355564,cuda,78478,Base_Eastern_Interconnect_515GW,mixed,Base_Eastern_Interconnect_515GW,0.397958,3.959130245867e-11,cuda_mixed_edge,7,edge_based,0.2269152465436,end2end,,False,76439,cuda_edge,CUDA mixed edge,2038,3,0.042393,cuda_mixed_edge,True,baseline
0.358405,cuda,78478,Base_Eastern_Interconnect_515GW,mixed,Base_Eastern_Interconnect_515GW,0.394177,4.455135906023e-09,cuda_mixed_edge,6,edge_based,0.2269152464906,end2end,,False,76439,cuda_edge,CUDA mixed edge,2038,4,0.035772,cuda_mixed_edge,True,baseline
0.355413,cuda,78478,Base_Eastern_Interconnect_515GW,mixed,Base_Eastern_Interconnect_515GW,0.396943,3.28033979068e-11,cuda_mixed_edge,7,edge_based,0.2269152465436,end2end,,False,76439,cuda_edge,CUDA mixed edge,2038,5,0.04153,cuda_mixed_edge,True,baseline
0.355696,cuda,78478,Base_Eastern_Interconnect_515GW,mixed,Base_Eastern_Interconnect_515GW,0.397494,2.113283389069e-11,cuda_mixed_edge,7,edge_based,0.2269152465437,end2end,,False,76439,cuda_edge,CUDA mixed edge,2038,6,0.041797,cuda_mixed_edge,True,baseline
0.35817,cuda,78478,Base_Eastern_Interconnect_515GW,mixed,Base_Eastern_Interconnect_515GW,0.399709,3.847847040994e-11,cuda_mixed_edge,7,edge_based,0.2269152465437,end2end,,False,76439,cuda_edge,CUDA mixed edge,2038,7,0.041539,cuda_mixed_edge,True,baseline
0.355828,cuda,78478,Base_Eastern_Interconnect_515GW,mixed,Base_Eastern_Interconnect_515GW,0.39743,2.866726324927e-11,cuda_mixed_edge,7,edge_based,0.2269152465438,end2end,,False,76439,cuda_edge,CUDA mixed edge,2038,8,0.041602,cuda_mixed_edge,True,baseline
0.358496,cuda,78478,Base_Eastern_Interconnect_515GW,mixed,Base_Eastern_Interconnect_515GW,0.394354,4.09575673095e-09,cuda_mixed_edge,6,edge_based,0.226915246513,end2end,,False,76439,cuda_edge,CUDA mixed edge,2038,9,0.035857,cuda_mixed_edge,True,baseline
0.017796,cuda,200,case_ACTIVSg200,mixed,case_ACTIVSg200,0.019518,4.235982410556e-12,cuda_mixed_edge,3,edge_based,0.0005626048489055,end2end,"0,1",True,162,cuda_edge,CUDA mixed edge,37,0,0.001722,cuda_mixed_edge,True,mg
0.017444,cuda,200,case_ACTIVSg200,mixed,case_ACTIVSg200,0.019169,3.874328616643e-12,cuda_mixed_edge,3,edge_based,0.0005626048488981,end2end,"0,1",True,162,cuda_edge,CUDA mixed edge,37,1,0.001724,cuda_mixed_edge,True,mg
0.017608,cuda,200,case_ACTIVSg200,mixed,case_ACTIVSg200,0.019344,4.142008441402e-12,cuda_mixed_edge,3,edge_based,0.0005626048488777,end2end,"0,1",True,162,cuda_edge,CUDA mixed edge,37,2,0.001735,cuda_mixed_edge,True,mg
0.0175,cuda,200,case_ACTIVSg200,mixed,case_ACTIVSg200,0.019241,3.791463915786e-12,cuda_mixed_edge,3,edge_based,0.0005626048488537,end2end,"0,1",True,162,cuda_edge,CUDA mixed edge,37,3,0.00174,cuda_mixed_edge,True,mg
0.017431,cuda,200,case_ACTIVSg200,mixed,case_ACTIVSg200,0.019365,4.265722030866e-12,cuda_mixed_edge,3,edge_based,0.0005626048488907,end2end,"0,1",True,162,cuda_edge,CUDA mixed edge,37,4,0.001934,cuda_mixed_edge,True,mg
0.017466,cuda,200,case_ACTIVSg200,mixed,case_ACTIVSg200,0.019245,4.068433486965e-12,cuda_mixed_edge,3,edge_based,0.0005626048488851,end2end,"0,1",True,162,cuda_edge,CUDA mixed edge,37,5,0.001778,cuda_mixed_edge,True,mg
0.01755,cuda,200,case_ACTIVSg200,mixed,case_ACTIVSg200,0.019337,4.117941880303e-12,cuda_mixed_edge,3,edge_based,0.0005626048488907,end2end,"0,1",True,162,cuda_edge,CUDA mixed edge,37,6,0.001787,cuda_mixed_edge,True,mg
0.01747,cuda,200,case_ACTIVSg200,mixed,case_ACTIVSg200,0.019247,4.369555845683e-12,cuda_mixed_edge,3,edge_based,0.0005626048488667,end2end,"0,1",True,162,cuda_edge,CUDA mixed edge,37,7,0.001776,cuda_mixed_edge,True,mg
0.017517,cuda,200,case_ACTIVSg200,mixed,case_ACTIVSg200,0.019277,4.544404640023e-12,cuda_mixed_edge,3,edge_based,0.0005626048488851,end2end,"0,1",True,162,cuda_edge,CUDA mixed edge,37,8,0.00176,cuda_mixed_edge,True,mg
0.017454,cuda,200,case_ACTIVSg200,mixed,case_ACTIVSg200,0.019237,4.60066775113e-12,cuda_mixed_edge,3,edge_based,0.0005626048488944,end2end,"0,1",True,162,cuda_edge,CUDA mixed edge,37,9,0.001782,cuda_mixed_edge,True,mg
0.019216,cuda,500,case_ACTIVSg500,mixed,case_ACTIVSg500,0.022275,7.203457475855e-11,cuda_mixed_edge,4,edge_based,0.03058561719015,end2end,"0,1",True,444,cuda_edge,CUDA mixed edge,55,0,0.003059,cuda_mixed_edge,True,mg
0.018852,cuda,500,case_ACTIVSg500,mixed,case_ACTIVSg500,0.021929,5.487613090293e-11,cuda_mixed_edge,4,edge_based,0.03058561719014,end2end,"0,1",True,444,cuda_edge,CUDA mixed edge,55,1,0.003076,cuda_mixed_edge,True,mg
0.018935,cuda,500,case_ACTIVSg500,mixed,case_ACTIVSg500,0.021986,7.328067545963e-11,cuda_mixed_edge,4,edge_based,0.03058561719015,end2end,"0,1",True,444,cuda_edge,CUDA mixed edge,55,2,0.00305,cuda_mixed_edge,True,mg
0.018863,cuda,500,case_ACTIVSg500,mixed,case_ACTIVSg500,0.021983,6.42709643686e-11,cuda_mixed_edge,4,edge_based,0.03058561719015,end2end,"0,1",True,444,cuda_edge,CUDA mixed edge,55,3,0.003119,cuda_mixed_edge,True,mg
0.018917,cuda,500,case_ACTIVSg500,mixed,case_ACTIVSg500,0.022051,8.971813620605e-11,cuda_mixed_edge,4,edge_based,0.03058561719003,end2end,"0,1",True,444,cuda_edge,CUDA mixed edge,55,4,0.003134,cuda_mixed_edge,True,mg
0.019056,cuda,500,case_ACTIVSg500,mixed,case_ACTIVSg500,0.022189,7.264544700771e-11,cuda_mixed_edge,4,edge_based,0.03058561718998,end2end,"0,1",True,444,cuda_edge,CUDA mixed edge,55,5,0.003132,cuda_mixed_edge,True,mg
0.018923,cuda,500,case_ACTIVSg500,mixed,case_ACTIVSg500,0.02203,6.181649391653e-11,cuda_mixed_edge,4,edge_based,0.03058561719009,end2end,"0,1",True,444,cuda_edge,CUDA mixed edge,55,6,0.003107,cuda_mixed_edge,True,mg
0.019015,cuda,500,case_ACTIVSg500,mixed,case_ACTIVSg500,0.022128,5.420278695838e-11,cuda_mixed_edge,4,edge_based,0.03058561718997,end2end,"0,1",True,444,cuda_edge,CUDA mixed edge,55,7,0.003113,cuda_mixed_edge,True,mg
0.01895,cuda,500,case_ACTIVSg500,mixed,case_ACTIVSg500,0.022074,9.11944225045e-11,cuda_mixed_edge,4,edge_based,0.03058561718997,end2end,"0,1",True,444,cuda_edge,CUDA mixed edge,55,8,0.003124,cuda_mixed_edge,True,mg
0.018921,cuda,500,case_ACTIVSg500,mixed,case_ACTIVSg500,0.022065,5.547319310854e-11,cuda_mixed_edge,4,edge_based,0.03058561718986,end2end,"0,1",True,444,cuda_edge,CUDA mixed edge,55,9,0.003144,cuda_mixed_edge,True,mg
0.021986,cuda,993,MemphisCase2026_Mar7,mixed,MemphisCase2026_Mar7,0.024661,3.01787472464e-12,cuda_mixed_edge,3,edge_based,6.38303032475e-05,end2end,"0,1",True,805,cuda_edge,CUDA mixed edge,187,0,0.002675,cuda_mixed_edge,True,mg
0.021401,cuda,993,MemphisCase2026_Mar7,mixed,MemphisCase2026_Mar7,0.024101,2.911901148532e-12,cuda_mixed_edge,3,edge_based,6.383030324429e-05,end2end,"0,1",True,805,cuda_edge,CUDA mixed edge,187,1,0.0027,cuda_mixed_edge,True,mg
0.021427,cuda,993,MemphisCase2026_Mar7,mixed,MemphisCase2026_Mar7,0.024105,6.346595729683e-12,cuda_mixed_edge,3,edge_based,6.383030325594e-05,end2end,"0,1",True,805,cuda_edge,CUDA mixed edge,187,2,0.002677,cuda_mixed_edge,True,mg
0.021421,cuda,993,MemphisCase2026_Mar7,mixed,MemphisCase2026_Mar7,0.024125,1.89187703229e-12,cuda_mixed_edge,3,edge_based,6.383030324418e-05,end2end,"0,1",True,805,cuda_edge,CUDA mixed edge,187,3,0.002704,cuda_mixed_edge,True,mg
0.02148,cuda,993,MemphisCase2026_Mar7,mixed,MemphisCase2026_Mar7,0.024178,6.118880724465e-12,cuda_mixed_edge,3,edge_based,6.38303032425e-05,end2end,"0,1",True,805,cuda_edge,CUDA mixed edge,187,4,0.002697,cuda_mixed_edge,True,mg
0.021463,cuda,993,MemphisCase2026_Mar7,mixed,MemphisCase2026_Mar7,0.02414,1.957443727635e-12,cuda_mixed_edge,3,edge_based,6.383030326368e-05,end2end,"0,1",True,805,cuda_edge,CUDA mixed edge,187,5,0.002677,cuda_mixed_edge,True,mg
0.021462,cuda,993,MemphisCase2026_Mar7,mixed,MemphisCase2026_Mar7,0.024155,6.345539819768e-12,cuda_mixed_edge,3,edge_based,6.383030320844e-05,end2end,"0,1",True,805,cuda_edge,CUDA mixed edge,187,6,0.002693,cuda_mixed_edge,True,mg
0.021607,cuda,993,MemphisCase2026_Mar7,mixed,MemphisCase2026_Mar7,0.024303,3.027574075065e-12,cuda_mixed_edge,3,edge_based,6.383030320742e-05,end2end,"0,1",True,805,cuda_edge,CUDA mixed edge,187,7,0.002696,cuda_mixed_edge,True,mg
0.021503,cuda,993,MemphisCase2026_Mar7,mixed,MemphisCase2026_Mar7,0.02419,6.076579079094e-12,cuda_mixed_edge,3,edge_based,6.383030323959e-05,end2end,"0,1",True,805,cuda_edge,CUDA mixed edge,187,8,0.002686,cuda_mixed_edge,True,mg
0.02149,cuda,993,MemphisCase2026_Mar7,mixed,MemphisCase2026_Mar7,0.0242,5.702180609807e-12,cuda_mixed_edge,3,edge_based,6.38303032045e-05,end2end,"0,1",True,805,cuda_edge,CUDA mixed edge,187,9,0.002709,cuda_mixed_edge,True,mg
0.027744,cuda,2000,case_ACTIVSg2000,mixed,case_ACTIVSg2000,0.033456,3.15135476824e-09,cuda_mixed_edge,4,edge_based,0.02916330895157,end2end,"0,1",True,1608,cuda_edge,CUDA mixed edge,391,0,0.005711,cuda_mixed_edge,True,mg
0.026789,cuda,2000,case_ACTIVSg2000,mixed,case_ACTIVSg2000,0.032417,2.991842733049e-09,cuda_mixed_edge,4,edge_based,0.02916330894443,end2end,"0,1",True,1608,cuda_edge,CUDA mixed edge,391,1,0.005627,cuda_mixed_edge,True,mg
0.026795,cuda,2000,case_ACTIVSg2000,mixed,case_ACTIVSg2000,0.032408,3.001599950287e-09,cuda_mixed_edge,4,edge_based,0.02916330896321,end2end,"0,1",True,1608,cuda_edge,CUDA mixed edge,391,2,0.005612,cuda_mixed_edge,True,mg
0.026791,cuda,2000,case_ACTIVSg2000,mixed,case_ACTIVSg2000,0.032679,3.299497779538e-09,cuda_mixed_edge,4,edge_based,0.0291633089545,end2end,"0,1",True,1608,cuda_edge,CUDA mixed edge,391,3,0.005887,cuda_mixed_edge,True,mg
0.026771,cuda,2000,case_ACTIVSg2000,mixed,case_ACTIVSg2000,0.032387,2.82975687618e-09,cuda_mixed_edge,4,edge_based,0.02916330897459,end2end,"0,1",True,1608,cuda_edge,CUDA mixed edge,391,4,0.005615,cuda_mixed_edge,True,mg
0.026769,cuda,2000,case_ACTIVSg2000,mixed,case_ACTIVSg2000,0.032424,2.584799088861e-09,cuda_mixed_edge,4,edge_based,0.02916330894732,end2end,"0,1",True,1608,cuda_edge,CUDA mixed edge,391,5,0.005655,cuda_mixed_edge,True,mg
0.026798,cuda,2000,case_ACTIVSg2000,mixed,case_ACTIVSg2000,0.032407,2.504254208594e-09,cuda_mixed_edge,4,edge_based,0.0291633089615,end2end,"0,1",True,1608,cuda_edge,CUDA mixed edge,391,6,0.005609,cuda_mixed_edge,True,mg
0.026805,cuda,2000,case_ACTIVSg2000,mixed,case_ACTIVSg2000,0.032379,4.857768463191e-09,cuda_mixed_edge,4,edge_based,0.02916330893936,end2end,"0,1",True,1608,cuda_edge,CUDA mixed edge,391,7,0.005573,cuda_mixed_edge,True,mg
0.02676,cuda,2000,case_ACTIVSg2000,mixed,case_ACTIVSg2000,0.03238,5.403141023983e-09,cuda_mixed_edge,4,edge_based,0.02916330898265,end2end,"0,1",True,1608,cuda_edge,CUDA mixed edge,391,8,0.00562,cuda_mixed_edge,True,mg
0.026836,cuda,2000,case_ACTIVSg2000,mixed,case_ACTIVSg2000,0.032522,3.045045090596e-09,cuda_mixed_edge,4,edge_based,0.02916330893195,end2end,"0,1",True,1608,cuda_edge,CUDA mixed edge,391,9,0.005685,cuda_mixed_edge,True,mg
0.047236,cuda,5658,Base_Florida_42GW,mixed,Base_Florida_42GW,0.057572,3.520706712279e-10,cuda_mixed_edge,5,edge_based,0.05033550758072,end2end,"0,1",True,5553,cuda_edge,CUDA mixed edge,104,0,0.010336,cuda_mixed_edge,True,mg
0.044703,cuda,5658,Base_Florida_42GW,mixed,Base_Florida_42GW,0.054546,3.716348270788e-10,cuda_mixed_edge,5,edge_based,0.05033550758069,end2end,"0,1",True,5553,cuda_edge,CUDA mixed edge,104,1,0.009842,cuda_mixed_edge,True,mg
0.044743,cuda,5658,Base_Florida_42GW,mixed,Base_Florida_42GW,0.054795,3.054073591247e-10,cuda_mixed_edge,5,edge_based,0.05033550758074,end2end,"0,1",True,5553,cuda_edge,CUDA mixed edge,104,2,0.010051,cuda_mixed_edge,True,mg
0.044922,cuda,5658,Base_Florida_42GW,mixed,Base_Florida_42GW,0.0549,2.186073544408e-10,cuda_mixed_edge,5,edge_based,0.05033550758076,end2end,"0,1",True,5553,cuda_edge,CUDA mixed edge,104,3,0.009977,cuda_mixed_edge,True,mg
0.04479,cuda,5658,Base_Florida_42GW,mixed,Base_Florida_42GW,0.054842,2.597266846038e-10,cuda_mixed_edge,5,edge_based,0.05033550758067,end2end,"0,1",True,5553,cuda_edge,CUDA mixed edge,104,4,0.010051,cuda_mixed_edge,True,mg
0.044815,cuda,5658,Base_Florida_42GW,mixed,Base_Florida_42GW,0.054834,1.82709569696e-10,cuda_mixed_edge,5,edge_based,0.05033550758092,end2end,"0,1",True,5553,cuda_edge,CUDA mixed edge,104,5,0.010019,cuda_mixed_edge,True,mg
0.044916,cuda,5658,Base_Florida_42GW,mixed,Base_Florida_42GW,0.055033,2.087446188126e-10,cuda_mixed_edge,5,edge_based,0.05033550758088,end2end,"0,1",True,5553,cuda_edge,CUDA mixed edge,104,6,0.010117,cuda_mixed_edge,True,mg
0.044817,cuda,5658,Base_Florida_42GW,mixed,Base_Florida_42GW,0.054707,1.488911424707e-10,cuda_mixed_edge,5,edge_based,0.05033550758088,end2end,"0,1",True,5553,cuda_edge,CUDA mixed edge,104,7,0.009889,cuda_mixed_edge,True,mg
0.044861,cuda,5658,Base_Florida_42GW,mixed,Base_Florida_42GW,0.055058,2.09994688305e-10,cuda_mixed_edge,5,edge_based,0.05033550758084,end2end,"0,1",True,5553,cuda_edge,CUDA mixed edge,104,8,0.010196,cuda_mixed_edge,True,mg
0.044896,cuda,5658,Base_Florida_42GW,mixed,Base_Florida_42GW,0.054873,1.920440473313e-10,cuda_mixed_edge,5,edge_based,0.05033550758094,end2end,"0,1",True,5553,cuda_edge,CUDA mixed edge,104,9,0.009976,cuda_mixed_edge,True,mg
0.049923,cuda,6717,Texas7k_20220923,mixed,Texas7k_20220923,0.058563,4.367477920485e-11,cuda_mixed_edge,4,edge_based,0.01575196529897,end2end,"0,1",True,6127,cuda_edge,CUDA mixed edge,589,0,0.008639,cuda_mixed_edge,True,mg
0.048095,cuda,6717,Texas7k_20220923,mixed,Texas7k_20220923,0.056978,7.59714902551e-11,cuda_mixed_edge,4,edge_based,0.01575196529867,end2end,"0,1",True,6127,cuda_edge,CUDA mixed edge,589,1,0.008883,cuda_mixed_edge,True,mg
0.047978,cuda,6717,Texas7k_20220923,mixed,Texas7k_20220923,0.057051,4.871485973753e-11,cuda_mixed_edge,4,edge_based,0.01575196529905,end2end,"0,1",True,6127,cuda_edge,CUDA mixed edge,589,2,0.009073,cuda_mixed_edge,True,mg
0.04783,cuda,6717,Texas7k_20220923,mixed,Texas7k_20220923,0.056435,6.97771810947e-11,cuda_mixed_edge,4,edge_based,0.01575196529898,end2end,"0,1",True,6127,cuda_edge,CUDA mixed edge,589,3,0.008605,cuda_mixed_edge,True,mg
0.047747,cuda,6717,Texas7k_20220923,mixed,Texas7k_20220923,0.056648,1.482638567145e-10,cuda_mixed_edge,4,edge_based,0.01575196529933,end2end,"0,1",True,6127,cuda_edge,CUDA mixed edge,589,4,0.008901,cuda_mixed_edge,True,mg
0.047801,cuda,6717,Texas7k_20220923,mixed,Texas7k_20220923,0.056301,6.958978530414e-11,cuda_mixed_edge,4,edge_based,0.01575196529914,end2end,"0,1",True,6127,cuda_edge,CUDA mixed edge,589,5,0.008499,cuda_mixed_edge,True,mg
0.047842,cuda,6717,Texas7k_20220923,mixed,Texas7k_20220923,0.056569,1.575533164684e-10,cuda_mixed_edge,4,edge_based,0.01575196529939,end2end,"0,1",True,6127,cuda_edge,CUDA mixed edge,589,6,0.008726,cuda_mixed_edge,True,mg
0.047816,cuda,6717,Texas7k_20220923,mixed,Texas7k_20220923,0.056731,8.480396006989e-11,cuda_mixed_edge,4,edge_based,0.01575196529887,end2end,"0,1",True,6127,cuda_edge,CUDA mixed edge,589,7,0.008915,cuda_mixed_edge,True,mg
0.047765,cuda,6717,Texas7k_20220923,mixed,Texas7k_20220923,0.056259,1.256667359829e-10,cuda_mixed_edge,4,edge_based,0.01575196529933,end2end,"0,1",True,6127,cuda_edge,CUDA mixed edge,589,8,0.008494,cuda_mixed_edge,True,mg
0.047816,cuda,6717,Texas7k_20220923,mixed,Texas7k_20220923,0.05669,3.112278709766e-11,cuda_mixed_edge,4,edge_based,0.01575196529872,end2end,"0,1",True,6127,cuda_edge,CUDA mixed edge,589,9,0.008874,cuda_mixed_edge,True,mg
0.056545,cuda,7336,Base_Texas_66GW,mixed,Base_Texas_66GW,0.067602,1.833200258261e-11,cuda_mixed_edge,5,edge_based,0.2290447115566,end2end,"0,1",True,7096,cuda_edge,CUDA mixed edge,239,0,0.011056,cuda_mixed_edge,True,mg
0.054039,cuda,7336,Base_Texas_66GW,mixed,Base_Texas_66GW,0.065016,5.300737626612e-11,cuda_mixed_edge,5,edge_based,0.2290447115554,end2end,"0,1",True,7096,cuda_edge,CUDA mixed edge,239,1,0.010976,cuda_mixed_edge,True,mg
0.053701,cuda,7336,Base_Texas_66GW,mixed,Base_Texas_66GW,0.065556,1.326139198454e-11,cuda_mixed_edge,5,edge_based,0.2290447115574,end2end,"0,1",True,7096,cuda_edge,CUDA mixed edge,239,2,0.011855,cuda_mixed_edge,True,mg
0.053612,cuda,7336,Base_Texas_66GW,mixed,Base_Texas_66GW,0.064574,4.026468047869e-11,cuda_mixed_edge,5,edge_based,0.2290447115567,end2end,"0,1",True,7096,cuda_edge,CUDA mixed edge,239,3,0.010962,cuda_mixed_edge,True,mg
0.053689,cuda,7336,Base_Texas_66GW,mixed,Base_Texas_66GW,0.065128,2.053734959873e-11,cuda_mixed_edge,5,edge_based,0.2290447115571,end2end,"0,1",True,7096,cuda_edge,CUDA mixed edge,239,4,0.011439,cuda_mixed_edge,True,mg
0.053619,cuda,7336,Base_Texas_66GW,mixed,Base_Texas_66GW,0.064665,1.695064640063e-11,cuda_mixed_edge,5,edge_based,0.2290447115579,end2end,"0,1",True,7096,cuda_edge,CUDA mixed edge,239,5,0.011046,cuda_mixed_edge,True,mg
0.053635,cuda,7336,Base_Texas_66GW,mixed,Base_Texas_66GW,0.065059,2.38813413489e-11,cuda_mixed_edge,5,edge_based,0.2290447115573,end2end,"0,1",True,7096,cuda_edge,CUDA mixed edge,239,6,0.011424,cuda_mixed_edge,True,mg
0.053626,cuda,7336,Base_Texas_66GW,mixed,Base_Texas_66GW,0.064555,1.56463569486e-11,cuda_mixed_edge,5,edge_based,0.2290447115576,end2end,"0,1",True,7096,cuda_edge,CUDA mixed edge,239,7,0.010928,cuda_mixed_edge,True,mg
0.053754,cuda,7336,Base_Texas_66GW,mixed,Base_Texas_66GW,0.065044,3.823075189757e-11,cuda_mixed_edge,5,edge_based,0.2290447115583,end2end,"0,1",True,7096,cuda_edge,CUDA mixed edge,239,8,0.01129,cuda_mixed_edge,True,mg
0.053645,cuda,7336,Base_Texas_66GW,mixed,Base_Texas_66GW,0.064507,1.019184736606e-11,cuda_mixed_edge,5,edge_based,0.2290447115573,end2end,"0,1",True,7096,cuda_edge,CUDA mixed edge,239,9,0.010861,cuda_mixed_edge,True,mg
0.0723,cuda,10189,Base_MIOHIN_76GW,mixed,Base_MIOHIN_76GW,0.082129,1.445569441927e-09,cuda_mixed_edge,5,edge_based,0.05334083387093,end2end,"0,1",True,9998,cuda_edge,CUDA mixed edge,190,0,0.009828,cuda_mixed_edge,True,mg
0.068639,cuda,10189,Base_MIOHIN_76GW,mixed,Base_MIOHIN_76GW,0.078928,1.246508007947e-09,cuda_mixed_edge,5,edge_based,0.05334083386809,end2end,"0,1",True,9998,cuda_edge,CUDA mixed edge,190,1,0.010288,cuda_mixed_edge,True,mg
0.068642,cuda,10189,Base_MIOHIN_76GW,mixed,Base_MIOHIN_76GW,0.078554,2.225977807833e-09,cuda_mixed_edge,5,edge_based,0.05334083387469,end2end,"0,1",True,9998,cuda_edge,CUDA mixed edge,190,2,0.009912,cuda_mixed_edge,True,mg
0.068566,cuda,10189,Base_MIOHIN_76GW,mixed,Base_MIOHIN_76GW,0.078681,1.241467556152e-09,cuda_mixed_edge,5,edge_based,0.0533408338741,end2end,"0,1",True,9998,cuda_edge,CUDA mixed edge,190,3,0.010115,cuda_mixed_edge,True,mg
0.068898,cuda,10189,Base_MIOHIN_76GW,mixed,Base_MIOHIN_76GW,0.078838,8.253580041639e-10,cuda_mixed_edge,5,edge_based,0.05334083387672,end2end,"0,1",True,9998,cuda_edge,CUDA mixed edge,190,4,0.00994,cuda_mixed_edge,True,mg
0.068529,cuda,10189,Base_MIOHIN_76GW,mixed,Base_MIOHIN_76GW,0.078849,2.35337793697e-09,cuda_mixed_edge,5,edge_based,0.05334083387939,end2end,"0,1",True,9998,cuda_edge,CUDA mixed edge,190,5,0.010319,cuda_mixed_edge,True,mg
0.06856,cuda,10189,Base_MIOHIN_76GW,mixed,Base_MIOHIN_76GW,0.07837,1.554842058318e-09,cuda_mixed_edge,5,edge_based,0.05334083387632,end2end,"0,1",True,9998,cuda_edge,CUDA mixed edge,190,6,0.009809,cuda_mixed_edge,True,mg
0.068927,cuda,10189,Base_MIOHIN_76GW,mixed,Base_MIOHIN_76GW,0.078901,8.396288109225e-10,cuda_mixed_edge,5,edge_based,0.05334083387815,end2end,"0,1",True,9998,cuda_edge,CUDA mixed edge,190,7,0.009973,cuda_mixed_edge,True,mg
0.068869,cuda,10189,Base_MIOHIN_76GW,mixed,Base_MIOHIN_76GW,0.079007,1.084242472575e-09,cuda_mixed_edge,5,edge_based,0.05334083386875,end2end,"0,1",True,9998,cuda_edge,CUDA mixed edge,190,8,0.010137,cuda_mixed_edge,True,mg
0.068511,cuda,10189,Base_MIOHIN_76GW,mixed,Base_MIOHIN_76GW,0.078431,1.590364728798e-09,cuda_mixed_edge,5,edge_based,0.0533408338742,end2end,"0,1",True,9998,cuda_edge,CUDA mixed edge,190,9,0.009919,cuda_mixed_edge,True,mg
0.113949,cuda,20758,Base_West_Interconnect_121GW,mixed,Base_West_Interconnect_121GW,0.129698,8.508438265588e-11,cuda_mixed_edge,6,edge_based,0.04032063151765,end2end,"0,1",True,19991,cuda_edge,CUDA mixed edge,766,0,0.015748,cuda_mixed_edge,True,mg
0.106796,cuda,20758,Base_West_Interconnect_121GW,mixed,Base_West_Interconnect_121GW,0.122561,3.021948054224e-10,cuda_mixed_edge,6,edge_based,0.04032063151895,end2end,"0,1",True,19991,cuda_edge,CUDA mixed edge,766,1,0.015764,cuda_mixed_edge,True,mg
0.1068,cuda,20758,Base_West_Interconnect_121GW,mixed,Base_West_Interconnect_121GW,0.119588,4.110523477152e-09,cuda_mixed_edge,5,edge_based,0.04032063151716,end2end,"0,1",True,19991,cuda_edge,CUDA mixed edge,766,2,0.012788,cuda_mixed_edge,True,mg
0.106923,cuda,20758,Base_West_Interconnect_121GW,mixed,Base_West_Interconnect_121GW,0.12255,9.411609293546e-11,cuda_mixed_edge,6,edge_based,0.04032063151694,end2end,"0,1",True,19991,cuda_edge,CUDA mixed edge,766,3,0.015627,cuda_mixed_edge,True,mg
0.106752,cuda,20758,Base_West_Interconnect_121GW,mixed,Base_West_Interconnect_121GW,0.122582,1.041892268999e-10,cuda_mixed_edge,6,edge_based,0.04032063151754,end2end,"0,1",True,19991,cuda_edge,CUDA mixed edge,766,4,0.01583,cuda_mixed_edge,True,mg
0.107328,cuda,20758,Base_West_Interconnect_121GW,mixed,Base_West_Interconnect_121GW,0.123033,2.454719409157e-10,cuda_mixed_edge,6,edge_based,0.04032063151806,end2end,"0,1",True,19991,cuda_edge,CUDA mixed edge,766,5,0.015704,cuda_mixed_edge,True,mg
0.106927,cuda,20758,Base_West_Interconnect_121GW,mixed,Base_West_Interconnect_121GW,0.119771,5.671167979671e-09,cuda_mixed_edge,5,edge_based,0.04032063148404,end2end,"0,1",True,19991,cuda_edge,CUDA mixed edge,766,6,0.012844,cuda_mixed_edge,True,mg
0.107312,cuda,20758,Base_West_Interconnect_121GW,mixed,Base_West_Interconnect_121GW,0.123066,2.902428297702e-11,cuda_mixed_edge,6,edge_based,0.04032063151693,end2end,"0,1",True,19991,cuda_edge,CUDA mixed edge,766,7,0.015754,cuda_mixed_edge,True,mg
0.10699,cuda,20758,Base_West_Interconnect_121GW,mixed,Base_West_Interconnect_121GW,0.122691,2.722715386483e-10,cuda_mixed_edge,6,edge_based,0.04032063151905,end2end,"0,1",True,19991,cuda_edge,CUDA mixed edge,766,8,0.015701,cuda_mixed_edge,True,mg
0.106958,cuda,20758,Base_West_Interconnect_121GW,mixed,Base_West_Interconnect_121GW,0.122652,4.61154440844e-11,cuda_mixed_edge,6,edge_based,0.04032063151723,end2end,"0,1",True,19991,cuda_edge,CUDA mixed edge,766,9,0.015693,cuda_mixed_edge,True,mg
0.127786,cuda,25000,case_ACTIVSg25k,mixed,case_ACTIVSg25k,0.14125,3.923079824121e-09,cuda_mixed_edge,5,edge_based,0.05938100424779,end2end,"0,1",True,22247,cuda_edge,CUDA mixed edge,2752,0,0.013464,cuda_mixed_edge,True,mg
0.12005,cuda,25000,case_ACTIVSg25k,mixed,case_ACTIVSg25k,0.133448,3.226072982703e-09,cuda_mixed_edge,5,edge_based,0.0593810042532,end2end,"0,1",True,22247,cuda_edge,CUDA mixed edge,2752,1,0.013397,cuda_mixed_edge,True,mg
0.120098,cuda,25000,case_ACTIVSg25k,mixed,case_ACTIVSg25k,0.133537,1.566613404589e-09,cuda_mixed_edge,5,edge_based,0.05938100423966,end2end,"0,1",True,22247,cuda_edge,CUDA mixed edge,2752,2,0.013439,cuda_mixed_edge,True,mg
0.120089,cuda,25000,case_ACTIVSg25k,mixed,case_ACTIVSg25k,0.133592,3.278129243579e-09,cuda_mixed_edge,5,edge_based,0.05938100424716,end2end,"0,1",True,22247,cuda_edge,CUDA mixed edge,2752,3,0.013502,cuda_mixed_edge,True,mg
0.120038,cuda,25000,case_ACTIVSg25k,mixed,case_ACTIVSg25k,0.13332,2.21228129418e-09,cuda_mixed_edge,5,edge_based,0.05938100424546,end2end,"0,1",True,22247,cuda_edge,CUDA mixed edge,2752,4,0.013282,cuda_mixed_edge,True,mg
0.120356,cuda,25000,case_ACTIVSg25k,mixed,case_ACTIVSg25k,0.133748,2.743088469873e-09,cuda_mixed_edge,5,edge_based,0.05938100423083,end2end,"0,1",True,22247,cuda_edge,CUDA mixed edge,2752,5,0.013391,cuda_mixed_edge,True,mg
0.120017,cuda,25000,case_ACTIVSg25k,mixed,case_ACTIVSg25k,0.133303,4.529156510499e-09,cuda_mixed_edge,5,edge_based,0.05938100425195,end2end,"0,1",True,22247,cuda_edge,CUDA mixed edge,2752,6,0.013286,cuda_mixed_edge,True,mg
0.119965,cuda,25000,case_ACTIVSg25k,mixed,case_ACTIVSg25k,0.133348,2.801372299173e-09,cuda_mixed_edge,5,edge_based,0.05938100424593,end2end,"0,1",True,22247,cuda_edge,CUDA mixed edge,2752,7,0.013383,cuda_mixed_edge,True,mg
0.120002,cuda,25000,case_ACTIVSg25k,mixed,case_ACTIVSg25k,0.133463,2.832369614034e-09,cuda_mixed_edge,5,edge_based,0.05938100424084,end2end,"0,1",True,22247,cuda_edge,CUDA mixed edge,2752,8,0.013461,cuda_mixed_edge,True,mg
0.119988,cuda,25000,case_ACTIVSg25k,mixed,case_ACTIVSg25k,0.133393,2.671221560165e-09,cuda_mixed_edge,5,edge_based,0.0593810042535,end2end,"0,1",True,22247,cuda_edge,CUDA mixed edge,2752,9,0.013405,cuda_mixed_edge,True,mg
0.322199,cuda,70000,case_ACTIVSg70k,mixed,case_ACTIVSg70k,0.35909,5.700256843426e-09,cuda_mixed_edge,7,edge_based,0.08741618933178,end2end,"0,1",True,64105,cuda_edge,CUDA mixed edge,5894,0,0.03689,cuda_mixed_edge,True,mg
0.303316,cuda,70000,case_ACTIVSg70k,mixed,case_ACTIVSg70k,0.340596,4.849604155527e-09,cuda_mixed_edge,7,edge_based,0.08741618919605,end2end,"0,1",True,64105,cuda_edge,CUDA mixed edge,5894,1,0.03728,cuda_mixed_edge,True,mg
0.30429,cuda,70000,case_ACTIVSg70k,mixed,case_ACTIVSg70k,0.341069,2.844248937747e-09,cuda_mixed_edge,7,edge_based,0.08741618912234,end2end,"0,1",True,64105,cuda_edge,CUDA mixed edge,5894,2,0.036779,cuda_mixed_edge,True,mg
0.303313,cuda,70000,case_ACTIVSg70k,mixed,case_ACTIVSg70k,0.340537,2.597217721353e-09,cuda_mixed_edge,7,edge_based,0.08741618902063,end2end,"0,1",True,64105,cuda_edge,CUDA mixed edge,5894,3,0.037224,cuda_mixed_edge,True,mg
0.303168,cuda,70000,case_ACTIVSg70k,mixed,case_ACTIVSg70k,0.340287,3.584397385035e-09,cuda_mixed_edge,7,edge_based,0.08741618920519,end2end,"0,1",True,64105,cuda_edge,CUDA mixed edge,5894,4,0.037118,cuda_mixed_edge,True,mg
0.302969,cuda,70000,case_ACTIVSg70k,mixed,case_ACTIVSg70k,0.341111,4.199345479685e-09,cuda_mixed_edge,7,edge_based,0.08741618919937,end2end,"0,1",True,64105,cuda_edge,CUDA mixed edge,5894,5,0.038141,cuda_mixed_edge,True,mg
0.3034,cuda,70000,case_ACTIVSg70k,mixed,case_ACTIVSg70k,0.340251,4.990237922125e-09,cuda_mixed_edge,7,edge_based,0.08741618928014,end2end,"0,1",True,64105,cuda_edge,CUDA mixed edge,5894,6,0.03685,cuda_mixed_edge,True,mg
0.304193,cuda,70000,case_ACTIVSg70k,mixed,case_ACTIVSg70k,0.340938,4.014819486059e-09,cuda_mixed_edge,7,edge_based,0.08741618921924,end2end,"0,1",True,64105,cuda_edge,CUDA mixed edge,5894,7,0.036745,cuda_mixed_edge,True,mg
0.304023,cuda,70000,case_ACTIVSg70k,mixed,case_ACTIVSg70k,0.340891,3.295827533293e-09,cuda_mixed_edge,7,edge_based,0.08741618908266,end2end,"0,1",True,64105,cuda_edge,CUDA mixed edge,5894,8,0.036868,cuda_mixed_edge,True,mg
0.304681,cuda,70000,case_ACTIVSg70k,mixed,case_ACTIVSg70k,0.341469,4.055954520292e-09,cuda_mixed_edge,7,edge_based,0.08741618910193,end2end,"0,1",True,64105,cuda_edge,CUDA mixed edge,5894,9,0.036788,cuda_mixed_edge,True,mg
0.398979,cuda,78478,Base_Eastern_Interconnect_515GW,mixed,Base_Eastern_Interconnect_515GW,0.483176,1.391393884876e-11,cuda_mixed_edge,7,edge_based,0.2269152465436,end2end,"0,1",True,76439,cuda_edge,CUDA mixed edge,2038,0,0.084197,cuda_mixed_edge,True,mg
0.375039,cuda,78478,Base_Eastern_Interconnect_515GW,mixed,Base_Eastern_Interconnect_515GW,0.459171,2.461941761567e-11,cuda_mixed_edge,7,edge_based,0.2269152465434,end2end,"0,1",True,76439,cuda_edge,CUDA mixed edge,2038,1,0.084131,cuda_mixed_edge,True,mg
0.374698,cuda,78478,Base_Eastern_Interconnect_515GW,mixed,Base_Eastern_Interconnect_515GW,0.458816,2.09282751049e-11,cuda_mixed_edge,7,edge_based,0.2269152465437,end2end,"0,1",True,76439,cuda_edge,CUDA mixed edge,2038,2,0.084117,cuda_mixed_edge,True,mg
0.374628,cuda,78478,Base_Eastern_Interconnect_515GW,mixed,Base_Eastern_Interconnect_515GW,0.458816,3.02566860455e-11,cuda_mixed_edge,7,edge_based,0.2269152465435,end2end,"0,1",True,76439,cuda_edge,CUDA mixed edge,2038,3,0.084187,cuda_mixed_edge,True,mg
0.375277,cuda,78478,Base_Eastern_Interconnect_515GW,mixed,Base_Eastern_Interconnect_515GW,0.459355,2.453112859175e-11,cuda_mixed_edge,7,edge_based,0.2269152465434,end2end,"0,1",True,76439,cuda_edge,CUDA mixed edge,2038,4,0.084078,cuda_mixed_edge,True,mg
0.37548,cuda,78478,Base_Eastern_Interconnect_515GW,mixed,Base_Eastern_Interconnect_515GW,0.45988,5.175869455254e-11,cuda_mixed_edge,7,edge_based,0.2269152465437,end2end,"0,1",True,76439,cuda_edge,CUDA mixed edge,2038,5,0.0844,cuda_mixed_edge,True,mg
0.377153,cuda,78478,Base_Eastern_Interconnect_515GW,mixed,Base_Eastern_Interconnect_515GW,0.435659,2.471489721334e-11,cuda_mixed_edge,7,edge_based,0.2269152465434,end2end,"0,1",True,76439,cuda_edge,CUDA mixed edge,2038,6,0.058505,cuda_mixed_edge,True,mg
0.401037,cuda,78478,Base_Eastern_Interconnect_515GW,mixed,Base_Eastern_Interconnect_515GW,0.449439,8.984017300928e-09,cuda_mixed_edge,6,edge_based,0.2269152464234,end2end,"0,1",True,76439,cuda_edge,CUDA mixed edge,2038,7,0.048401,cuda_mixed_edge,True,mg
0.394312,cuda,78478,Base_Eastern_Interconnect_515GW,mixed,Base_Eastern_Interconnect_515GW,0.450492,2.667061575886e-11,cuda_mixed_edge,7,edge_based,0.2269152465442,end2end,"0,1",True,76439,cuda_edge,CUDA mixed edge,2038,8,0.05618,cuda_mixed_edge,True,mg
0.400263,cuda,78478,Base_Eastern_Interconnect_515GW,mixed,Base_Eastern_Interconnect_515GW,0.455223,2.236898860586e-11,cuda_mixed_edge,7,edge_based,0.2269152465441,end2end,"0,1",True,76439,cuda_edge,CUDA mixed edge,2038,9,0.054959,cuda_mixed_edge,True,mg
