CUDA.analyze.cudss32.analysis.avg_sec,CUDA.analyze.cudss32.analysis.count,CUDA.analyze.cudss32.analysis.total_sec,CUDA.analyze.cudss32.setup.avg_sec,CUDA.analyze.cudss32.setup.count,CUDA.analyze.cudss32.setup.total_sec,CUDA.solve.factorization32.avg_sec,CUDA.solve.factorization32.count,CUDA.solve.factorization32.total_sec,CUDA.solve.refactorization32.avg_sec,CUDA.solve.refactorization32.count,CUDA.solve.refactorization32.total_sec,CUDA.solve.rhsPrepare.avg_sec,CUDA.solve.rhsPrepare.count,CUDA.solve.rhsPrepare.total_sec,CUDA.solve.solve32.avg_sec,CUDA.solve.solve32.count,CUDA.solve.solve32.total_sec,NR.analyze.jacobian_builder.avg_sec,NR.analyze.jacobian_builder.count,NR.analyze.jacobian_builder.total_sec,NR.analyze.linear_solve.avg_sec,NR.analyze.linear_solve.count,NR.analyze.linear_solve.total_sec,NR.analyze.storage_prepare.avg_sec,NR.analyze.storage_prepare.count,NR.analyze.storage_prepare.total_sec,NR.analyze.total.avg_sec,NR.analyze.total.count,NR.analyze.total.total_sec,NR.iteration.jacobian.avg_sec,NR.iteration.jacobian.count,NR.iteration.jacobian.total_sec,NR.iteration.linear_solve.avg_sec,NR.iteration.linear_solve.count,NR.iteration.linear_solve.total_sec,NR.iteration.mismatch.avg_sec,NR.iteration.mismatch.count,NR.iteration.mismatch.total_sec,NR.iteration.total.avg_sec,NR.iteration.total.count,NR.iteration.total.total_sec,NR.iteration.voltage_update.avg_sec,NR.iteration.voltage_update.count,NR.iteration.voltage_update.total_sec,NR.solve.download.avg_sec,NR.solve.download.count,NR.solve.download.total_sec,NR.solve.total.avg_sec,NR.solve.total.count,NR.solve.total.total_sec,NR.solve.upload.avg_sec,NR.solve.upload.count,NR.solve.upload.total_sec,analyze_sec,backend,buses,case_name,compute,dump_case_name,elapsed_sec,final_mismatch,implementation,iterations,jacobian,max_abs_v_delta_from_v0,measurement_mode,pq,profile,pv,repeat_idx,solve_sec,source_profile,success
,,,,,,,,,,,,,,,,,,,,,,,,,,,,,,,,,,,,,,,,,,,,,,,,,,,,,,0.01095,cuda,30,case30_ieee,mixed,case30_ieee,0.011671,2.406190051354e-13,cuda_edge,5,edge_based,0.341154734562,end2end,24,cuda_edge,5,0,0.000721,cuda_mixed_edge,True
,,,,,,,,,,,,,,,,,,,,,,,,,,,,,,,,,,,,,,,,,,,,,,,,,,,,,,0.010468,cuda,30,case30_ieee,mixed,case30_ieee,0.011195,2.296878042598e-13,cuda_edge,5,edge_based,0.341154734562,end2end,24,cuda_edge,5,1,0.000727,cuda_mixed_edge,True
,,,,,,,,,,,,,,,,,,,,,,,,,,,,,,,,,,,,,,,,,,,,,,,,,,,,,,0.010452,cuda,30,case30_ieee,mixed,case30_ieee,0.011157,2.406190051354e-13,cuda_edge,5,edge_based,0.341154734562,end2end,24,cuda_edge,5,2,0.000704,cuda_mixed_edge,True
,,,,,,,,,,,,,,,,,,,,,,,,,,,,,,,,,,,,,,,,,,,,,,,,,,,,,,0.010423,cuda,30,case30_ieee,mixed,case30_ieee,0.011127,1.504768532001e-13,cuda_edge,5,edge_based,0.341154734562,end2end,24,cuda_edge,5,3,0.000703,cuda_mixed_edge,True
,,,,,,,,,,,,,,,,,,,,,,,,,,,,,,,,,,,,,,,,,,,,,,,,,,,,,,0.010422,cuda,30,case30_ieee,mixed,case30_ieee,0.011143,2.27022921156e-13,cuda_edge,5,edge_based,0.341154734562,end2end,24,cuda_edge,5,4,0.000721,cuda_mixed_edge,True
,,,,,,,,,,,,,,,,,,,,,,,,,,,,,,,,,,,,,,,,,,,,,,,,,,,,,,0.010428,cuda,30,case30_ieee,mixed,case30_ieee,0.011131,2.215972172788e-13,cuda_edge,5,edge_based,0.341154734562,end2end,24,cuda_edge,5,5,0.000702,cuda_mixed_edge,True
,,,,,,,,,,,,,,,,,,,,,,,,,,,,,,,,,,,,,,,,,,,,,,,,,,,,,,0.01047,cuda,30,case30_ieee,mixed,case30_ieee,0.011194,2.151148657702e-13,cuda_edge,5,edge_based,0.341154734562,end2end,24,cuda_edge,5,6,0.000724,cuda_mixed_edge,True
,,,,,,,,,,,,,,,,,,,,,,,,,,,,,,,,,,,,,,,,,,,,,,,,,,,,,,0.01317,cuda,30,case30_ieee,mixed,case30_ieee,0.013904,2.329280552552e-13,cuda_edge,5,edge_based,0.341154734562,end2end,24,cuda_edge,5,7,0.000733,cuda_mixed_edge,True
,,,,,,,,,,,,,,,,,,,,,,,,,,,,,,,,,,,,,,,,,,,,,,,,,,,,,,0.010543,cuda,30,case30_ieee,mixed,case30_ieee,0.011283,2.215972172788e-13,cuda_edge,5,edge_based,0.341154734562,end2end,24,cuda_edge,5,8,0.000739,cuda_mixed_edge,True
,,,,,,,,,,,,,,,,,,,,,,,,,,,,,,,,,,,,,,,,,,,,,,,,,,,,,,0.010464,cuda,30,case30_ieee,mixed,case30_ieee,0.011216,2.330856106253e-13,cuda_edge,5,edge_based,0.341154734562,end2end,24,cuda_edge,5,9,0.000752,cuda_mixed_edge,True
,,,,,,,,,,,,,,,,,,,,,,,,,,,,,,,,,,,,,,,,,,,,,,,,,,,,,,0.01131,cuda,118,case118_ieee,mixed,case118_ieee,0.012107,6.332296260802e-11,cuda_edge,5,edge_based,1.002563617497,end2end,64,cuda_edge,53,0,0.000797,cuda_mixed_edge,True
,,,,,,,,,,,,,,,,,,,,,,,,,,,,,,,,,,,,,,,,,,,,,,,,,,,,,,0.01119,cuda,118,case118_ieee,mixed,case118_ieee,0.011976,6.888784817025e-11,cuda_edge,5,edge_based,1.002563617484,end2end,64,cuda_edge,53,1,0.000786,cuda_mixed_edge,True
,,,,,,,,,,,,,,,,,,,,,,,,,,,,,,,,,,,,,,,,,,,,,,,,,,,,,,0.010762,cuda,118,case118_ieee,mixed,case118_ieee,0.011547,7.833925175227e-11,cuda_edge,5,edge_based,1.002563617481,end2end,64,cuda_edge,53,2,0.000785,cuda_mixed_edge,True
,,,,,,,,,,,,,,,,,,,,,,,,,,,,,,,,,,,,,,,,,,,,,,,,,,,,,,0.029691,cuda,118,case118_ieee,mixed,case118_ieee,0.030692,6.387965374294e-11,cuda_edge,5,edge_based,1.002563617487,end2end,64,cuda_edge,53,3,0.001,cuda_mixed_edge,True
,,,,,,,,,,,,,,,,,,,,,,,,,,,,,,,,,,,,,,,,,,,,,,,,,,,,,,0.011673,cuda,118,case118_ieee,mixed,case118_ieee,0.012567,7.656366852785e-11,cuda_edge,5,edge_based,1.002563617487,end2end,64,cuda_edge,53,4,0.000893,cuda_mixed_edge,True
,,,,,,,,,,,,,,,,,,,,,,,,,,,,,,,,,,,,,,,,,,,,,,,,,,,,,,0.010937,cuda,118,case118_ieee,mixed,case118_ieee,0.011833,6.767192267854e-11,cuda_edge,5,edge_based,1.002563617498,end2end,64,cuda_edge,53,5,0.000896,cuda_mixed_edge,True
,,,,,,,,,,,,,,,,,,,,,,,,,,,,,,,,,,,,,,,,,,,,,,,,,,,,,,0.010939,cuda,118,case118_ieee,mixed,case118_ieee,0.011828,6.296772751429e-11,cuda_edge,5,edge_based,1.002563617485,end2end,64,cuda_edge,53,6,0.000889,cuda_mixed_edge,True
,,,,,,,,,,,,,,,,,,,,,,,,,,,,,,,,,,,,,,,,,,,,,,,,,,,,,,0.010924,cuda,118,case118_ieee,mixed,case118_ieee,0.011807,7.065901580138e-11,cuda_edge,5,edge_based,1.002563617482,end2end,64,cuda_edge,53,7,0.000883,cuda_mixed_edge,True
,,,,,,,,,,,,,,,,,,,,,,,,,,,,,,,,,,,,,,,,,,,,,,,,,,,,,,0.011191,cuda,118,case118_ieee,mixed,case118_ieee,0.012091,7.382647106399e-11,cuda_edge,5,edge_based,1.002563617503,end2end,64,cuda_edge,53,8,0.000899,cuda_mixed_edge,True
,,,,,,,,,,,,,,,,,,,,,,,,,,,,,,,,,,,,,,,,,,,,,,,,,,,,,,0.011136,cuda,118,case118_ieee,mixed,case118_ieee,0.012008,6.858169587787e-11,cuda_edge,5,edge_based,1.002563617488,end2end,64,cuda_edge,53,9,0.000872,cuda_mixed_edge,True
,,,,,,,,,,,,,,,,,,,,,,,,,,,,,,,,,,,,,,,,,,,,,,,,,,,,,,0.0136,cuda,793,case793_goc,mixed,case793_goc,0.014824,9.481296958419e-09,cuda_edge,5,edge_based,1.161718975866,end2end,704,cuda_edge,88,0,0.001223,cuda_mixed_edge,True
,,,,,,,,,,,,,,,,,,,,,,,,,,,,,,,,,,,,,,,,,,,,,,,,,,,,,,0.01323,cuda,793,case793_goc,mixed,case793_goc,0.014702,2.665064507291e-12,cuda_edge,6,edge_based,1.161718975814,end2end,704,cuda_edge,88,1,0.001471,cuda_mixed_edge,True
,,,,,,,,,,,,,,,,,,,,,,,,,,,,,,,,,,,,,,,,,,,,,,,,,,,,,,0.013182,cuda,793,case793_goc,mixed,case793_goc,0.014647,1.857233573476e-12,cuda_edge,6,edge_based,1.161718975814,end2end,704,cuda_edge,88,2,0.001465,cuda_mixed_edge,True
,,,,,,,,,,,,,,,,,,,,,,,,,,,,,,,,,,,,,,,,,,,,,,,,,,,,,,0.013041,cuda,793,case793_goc,mixed,case793_goc,0.014502,1.748157174575e-12,cuda_edge,6,edge_based,1.161718975814,end2end,704,cuda_edge,88,3,0.001461,cuda_mixed_edge,True
,,,,,,,,,,,,,,,,,,,,,,,,,,,,,,,,,,,,,,,,,,,,,,,,,,,,,,0.013088,cuda,793,case793_goc,mixed,case793_goc,0.014302,9.335011662137e-09,cuda_edge,5,edge_based,1.161718975814,end2end,704,cuda_edge,88,4,0.001214,cuda_mixed_edge,True
,,,,,,,,,,,,,,,,,,,,,,,,,,,,,,,,,,,,,,,,,,,,,,,,,,,,,,0.01303,cuda,793,case793_goc,mixed,case793_goc,0.014499,2.680956635264e-12,cuda_edge,6,edge_based,1.161718975814,end2end,704,cuda_edge,88,5,0.001468,cuda_mixed_edge,True
,,,,,,,,,,,,,,,,,,,,,,,,,,,,,,,,,,,,,,,,,,,,,,,,,,,,,,0.016771,cuda,793,case793_goc,mixed,case793_goc,0.018239,2.740189289795e-12,cuda_edge,6,edge_based,1.161718975814,end2end,704,cuda_edge,88,6,0.001467,cuda_mixed_edge,True
,,,,,,,,,,,,,,,,,,,,,,,,,,,,,,,,,,,,,,,,,,,,,,,,,,,,,,0.013128,cuda,793,case793_goc,mixed,case793_goc,0.014585,2.714384272906e-12,cuda_edge,6,edge_based,1.161718975814,end2end,704,cuda_edge,88,7,0.001456,cuda_mixed_edge,True
,,,,,,,,,,,,,,,,,,,,,,,,,,,,,,,,,,,,,,,,,,,,,,,,,,,,,,0.013141,cuda,793,case793_goc,mixed,case793_goc,0.014598,1.964721043111e-12,cuda_edge,6,edge_based,1.161718975814,end2end,704,cuda_edge,88,8,0.001456,cuda_mixed_edge,True
,,,,,,,,,,,,,,,,,,,,,,,,,,,,,,,,,,,,,,,,,,,,,,,,,,,,,,0.012998,cuda,793,case793_goc,mixed,case793_goc,0.01445,2.532876686168e-12,cuda_edge,6,edge_based,1.161718975814,end2end,704,cuda_edge,88,9,0.001452,cuda_mixed_edge,True
,,,,,,,,,,,,,,,,,,,,,,,,,,,,,,,,,,,,,,,,,,,,,,,,,,,,,,0.015044,cuda,1354,case1354_pegase,mixed,case1354_pegase,0.017053,5.287326132475e-12,cuda_edge,6,edge_based,0.9675246266077,end2end,1094,cuda_edge,259,0,0.002009,cuda_mixed_edge,True
,,,,,,,,,,,,,,,,,,,,,,,,,,,,,,,,,,,,,,,,,,,,,,,,,,,,,,0.014644,cuda,1354,case1354_pegase,mixed,case1354_pegase,0.016636,4.698836652094e-12,cuda_edge,6,edge_based,0.9675246266076,end2end,1094,cuda_edge,259,1,0.001991,cuda_mixed_edge,True
,,,,,,,,,,,,,,,,,,,,,,,,,,,,,,,,,,,,,,,,,,,,,,,,,,,,,,0.014205,cuda,1354,case1354_pegase,mixed,case1354_pegase,0.0163,2.671143366507e-12,cuda_edge,6,edge_based,0.9675246266078,end2end,1094,cuda_edge,259,2,0.002094,cuda_mixed_edge,True
,,,,,,,,,,,,,,,,,,,,,,,,,,,,,,,,,,,,,,,,,,,,,,,,,,,,,,0.014347,cuda,1354,case1354_pegase,mixed,case1354_pegase,0.016328,5.668492067116e-12,cuda_edge,6,edge_based,0.9675246266077,end2end,1094,cuda_edge,259,3,0.001981,cuda_mixed_edge,True
,,,,,,,,,,,,,,,,,,,,,,,,,,,,,,,,,,,,,,,,,,,,,,,,,,,,,,0.01435,cuda,1354,case1354_pegase,mixed,case1354_pegase,0.016333,5.484529865451e-12,cuda_edge,6,edge_based,0.9675246266078,end2end,1094,cuda_edge,259,4,0.001983,cuda_mixed_edge,True
,,,,,,,,,,,,,,,,,,,,,,,,,,,,,,,,,,,,,,,,,,,,,,,,,,,,,,0.014922,cuda,1354,case1354_pegase,mixed,case1354_pegase,0.016885,6.3924033416e-12,cuda_edge,6,edge_based,0.9675246266076,end2end,1094,cuda_edge,259,5,0.001963,cuda_mixed_edge,True
,,,,,,,,,,,,,,,,,,,,,,,,,,,,,,,,,,,,,,,,,,,,,,,,,,,,,,0.014611,cuda,1354,case1354_pegase,mixed,case1354_pegase,0.016607,4.379829832146e-12,cuda_edge,6,edge_based,0.9675246266077,end2end,1094,cuda_edge,259,6,0.001995,cuda_mixed_edge,True
,,,,,,,,,,,,,,,,,,,,,,,,,,,,,,,,,,,,,,,,,,,,,,,,,,,,,,0.014519,cuda,1354,case1354_pegase,mixed,case1354_pegase,0.016522,4.373569508874e-12,cuda_edge,6,edge_based,0.9675246266078,end2end,1094,cuda_edge,259,7,0.002002,cuda_mixed_edge,True
,,,,,,,,,,,,,,,,,,,,,,,,,,,,,,,,,,,,,,,,,,,,,,,,,,,,,,0.014482,cuda,1354,case1354_pegase,mixed,case1354_pegase,0.016463,4.546426254663e-12,cuda_edge,6,edge_based,0.9675246266079,end2end,1094,cuda_edge,259,8,0.00198,cuda_mixed_edge,True
,,,,,,,,,,,,,,,,,,,,,,,,,,,,,,,,,,,,,,,,,,,,,,,,,,,,,,0.014475,cuda,1354,case1354_pegase,mixed,case1354_pegase,0.016453,6.28566401931e-12,cuda_edge,6,edge_based,0.9675246266078,end2end,1094,cuda_edge,259,9,0.001978,cuda_mixed_edge,True
,,,,,,,,,,,,,,,,,,,,,,,,,,,,,,,,,,,,,,,,,,,,,,,,,,,,,,0.01773,cuda,2746,case2746wop_k,mixed,case2746wop_k,0.019954,7.20150161726e-10,cuda_edge,5,edge_based,0.5067134061136,end2end,2396,cuda_edge,349,0,0.002224,cuda_mixed_edge,True
,,,,,,,,,,,,,,,,,,,,,,,,,,,,,,,,,,,,,,,,,,,,,,,,,,,,,,0.017061,cuda,2746,case2746wop_k,mixed,case2746wop_k,0.019262,6.025971874735e-10,cuda_edge,5,edge_based,0.5067134060931,end2end,2396,cuda_edge,349,1,0.0022,cuda_mixed_edge,True
,,,,,,,,,,,,,,,,,,,,,,,,,,,,,,,,,,,,,,,,,,,,,,,,,,,,,,0.017067,cuda,2746,case2746wop_k,mixed,case2746wop_k,0.019391,6.628044327936e-10,cuda_edge,5,edge_based,0.5067134061344,end2end,2396,cuda_edge,349,2,0.002323,cuda_mixed_edge,True
,,,,,,,,,,,,,,,,,,,,,,,,,,,,,,,,,,,,,,,,,,,,,,,,,,,,,,0.017265,cuda,2746,case2746wop_k,mixed,case2746wop_k,0.019629,6.448747415567e-10,cuda_edge,5,edge_based,0.5067134060942,end2end,2396,cuda_edge,349,3,0.002364,cuda_mixed_edge,True
,,,,,,,,,,,,,,,,,,,,,,,,,,,,,,,,,,,,,,,,,,,,,,,,,,,,,,0.017559,cuda,2746,case2746wop_k,mixed,case2746wop_k,0.019904,3.037383677906e-10,cuda_edge,5,edge_based,0.5067134061171,end2end,2396,cuda_edge,349,4,0.002344,cuda_mixed_edge,True
,,,,,,,,,,,,,,,,,,,,,,,,,,,,,,,,,,,,,,,,,,,,,,,,,,,,,,0.089028,cuda,2746,case2746wop_k,mixed,case2746wop_k,0.091563,5.015957859449e-10,cuda_edge,5,edge_based,0.5067134061221,end2end,2396,cuda_edge,349,5,0.002534,cuda_mixed_edge,True
,,,,,,,,,,,,,,,,,,,,,,,,,,,,,,,,,,,,,,,,,,,,,,,,,,,,,,0.01779,cuda,2746,case2746wop_k,mixed,case2746wop_k,0.02016,6.158855470398e-10,cuda_edge,5,edge_based,0.5067134061316,end2end,2396,cuda_edge,349,6,0.002369,cuda_mixed_edge,True
,,,,,,,,,,,,,,,,,,,,,,,,,,,,,,,,,,,,,,,,,,,,,,,,,,,,,,0.016876,cuda,2746,case2746wop_k,mixed,case2746wop_k,0.019083,4.796229083386e-10,cuda_edge,5,edge_based,0.5067134061241,end2end,2396,cuda_edge,349,7,0.002206,cuda_mixed_edge,True
,,,,,,,,,,,,,,,,,,,,,,,,,,,,,,,,,,,,,,,,,,,,,,,,,,,,,,0.016735,cuda,2746,case2746wop_k,mixed,case2746wop_k,0.019059,5.338972299173e-10,cuda_edge,5,edge_based,0.506713406129,end2end,2396,cuda_edge,349,8,0.002324,cuda_mixed_edge,True
,,,,,,,,,,,,,,,,,,,,,,,,,,,,,,,,,,,,,,,,,,,,,,,,,,,,,,0.016751,cuda,2746,case2746wop_k,mixed,case2746wop_k,0.019078,3.193826353333e-10,cuda_edge,5,edge_based,0.5067134061152,end2end,2396,cuda_edge,349,9,0.002327,cuda_mixed_edge,True
,,,,,,,,,,,,,,,,,,,,,,,,,,,,,,,,,,,,,,,,,,,,,,,,,,,,,,0.022808,cuda,4601,case4601_goc,mixed,case4601_goc,0.02743,2.853091096711e-10,cuda_edge,6,edge_based,1.597383209581,end2end,4468,cuda_edge,132,0,0.004622,cuda_mixed_edge,True
,,,,,,,,,,,,,,,,,,,,,,,,,,,,,,,,,,,,,,,,,,,,,,,,,,,,,,0.022526,cuda,4601,case4601_goc,mixed,case4601_goc,0.027137,2.892413493041e-10,cuda_edge,6,edge_based,1.597383209583,end2end,4468,cuda_edge,132,1,0.00461,cuda_mixed_edge,True
,,,,,,,,,,,,,,,,,,,,,,,,,,,,,,,,,,,,,,,,,,,,,,,,,,,,,,0.022173,cuda,4601,case4601_goc,mixed,case4601_goc,0.026771,3.648583657423e-10,cuda_edge,6,edge_based,1.597383209578,end2end,4468,cuda_edge,132,2,0.004597,cuda_mixed_edge,True
,,,,,,,,,,,,,,,,,,,,,,,,,,,,,,,,,,,,,,,,,,,,,,,,,,,,,,0.119285,cuda,4601,case4601_goc,mixed,case4601_goc,0.124177,3.214408739183e-10,cuda_edge,6,edge_based,1.597383209579,end2end,4468,cuda_edge,132,3,0.004892,cuda_mixed_edge,True
,,,,,,,,,,,,,,,,,,,,,,,,,,,,,,,,,,,,,,,,,,,,,,,,,,,,,,0.02308,cuda,4601,case4601_goc,mixed,case4601_goc,0.02769,3.628521927368e-10,cuda_edge,6,edge_based,1.597383209585,end2end,4468,cuda_edge,132,4,0.004609,cuda_mixed_edge,True
,,,,,,,,,,,,,,,,,,,,,,,,,,,,,,,,,,,,,,,,,,,,,,,,,,,,,,0.021739,cuda,4601,case4601_goc,mixed,case4601_goc,0.026322,4.154865340666e-10,cuda_edge,6,edge_based,1.597383209559,end2end,4468,cuda_edge,132,5,0.004582,cuda_mixed_edge,True
,,,,,,,,,,,,,,,,,,,,,,,,,,,,,,,,,,,,,,,,,,,,,,,,,,,,,,0.021601,cuda,4601,case4601_goc,mixed,case4601_goc,0.026206,3.953306570992e-10,cuda_edge,6,edge_based,1.597383209572,end2end,4468,cuda_edge,132,6,0.004605,cuda_mixed_edge,True
,,,,,,,,,,,,,,,,,,,,,,,,,,,,,,,,,,,,,,,,,,,,,,,,,,,,,,0.021874,cuda,4601,case4601_goc,mixed,case4601_goc,0.026471,4.120654928386e-10,cuda_edge,6,edge_based,1.597383209567,end2end,4468,cuda_edge,132,7,0.004596,cuda_mixed_edge,True
,,,,,,,,,,,,,,,,,,,,,,,,,,,,,,,,,,,,,,,,,,,,,,,,,,,,,,0.021676,cuda,4601,case4601_goc,mixed,case4601_goc,0.02627,2.919142705338e-10,cuda_edge,6,edge_based,1.597383209541,end2end,4468,cuda_edge,132,8,0.004593,cuda_mixed_edge,True
,,,,,,,,,,,,,,,,,,,,,,,,,,,,,,,,,,,,,,,,,,,,,,,,,,,,,,0.021556,cuda,4601,case4601_goc,mixed,case4601_goc,0.026124,2.643892882404e-10,cuda_edge,6,edge_based,1.59738320957,end2end,4468,cuda_edge,132,9,0.004568,cuda_mixed_edge,True
,,,,,,,,,,,,,,,,,,,,,,,,,,,,,,,,,,,,,,,,,,,,,,,,,,,,,,0.031814,cuda,8387,case8387_pegase,mixed,case8387_pegase,0.037771,2.186928305115e-09,cuda_edge,7,edge_based,1.225566785124,end2end,6522,cuda_edge,1864,0,0.005956,cuda_mixed_edge,True
,,,,,,,,,,,,,,,,,,,,,,,,,,,,,,,,,,,,,,,,,,,,,,,,,,,,,,0.031091,cuda,8387,case8387_pegase,mixed,case8387_pegase,0.037032,1.998217369348e-09,cuda_edge,7,edge_based,1.225566785104,end2end,6522,cuda_edge,1864,1,0.005941,cuda_mixed_edge,True
,,,,,,,,,,,,,,,,,,,,,,,,,,,,,,,,,,,,,,,,,,,,,,,,,,,,,,0.030158,cuda,8387,case8387_pegase,mixed,case8387_pegase,0.036111,3.434641460132e-10,cuda_edge,7,edge_based,1.22556678511,end2end,6522,cuda_edge,1864,2,0.005952,cuda_mixed_edge,True
,,,,,,,,,,,,,,,,,,,,,,,,,,,,,,,,,,,,,,,,,,,,,,,,,,,,,,0.030058,cuda,8387,case8387_pegase,mixed,case8387_pegase,0.035985,2.248000341432e-09,cuda_edge,7,edge_based,1.225566785121,end2end,6522,cuda_edge,1864,3,0.005926,cuda_mixed_edge,True
,,,,,,,,,,,,,,,,,,,,,,,,,,,,,,,,,,,,,,,,,,,,,,,,,,,,,,0.030508,cuda,8387,case8387_pegase,mixed,case8387_pegase,0.036433,1.419119044499e-09,cuda_edge,7,edge_based,1.225566785121,end2end,6522,cuda_edge,1864,4,0.005925,cuda_mixed_edge,True
,,,,,,,,,,,,,,,,,,,,,,,,,,,,,,,,,,,,,,,,,,,,,,,,,,,,,,0.030572,cuda,8387,case8387_pegase,mixed,case8387_pegase,0.036505,1.730901422192e-09,cuda_edge,7,edge_based,1.225566785136,end2end,6522,cuda_edge,1864,5,0.005932,cuda_mixed_edge,True
,,,,,,,,,,,,,,,,,,,,,,,,,,,,,,,,,,,,,,,,,,,,,,,,,,,,,,0.030211,cuda,8387,case8387_pegase,mixed,case8387_pegase,0.036145,2.808527521658e-09,cuda_edge,7,edge_based,1.225566785128,end2end,6522,cuda_edge,1864,6,0.005934,cuda_mixed_edge,True
,,,,,,,,,,,,,,,,,,,,,,,,,,,,,,,,,,,,,,,,,,,,,,,,,,,,,,0.030419,cuda,8387,case8387_pegase,mixed,case8387_pegase,0.03634,2.683131605785e-09,cuda_edge,7,edge_based,1.225566785125,end2end,6522,cuda_edge,1864,7,0.00592,cuda_mixed_edge,True
,,,,,,,,,,,,,,,,,,,,,,,,,,,,,,,,,,,,,,,,,,,,,,,,,,,,,,0.030406,cuda,8387,case8387_pegase,mixed,case8387_pegase,0.036338,2.810714105905e-09,cuda_edge,7,edge_based,1.225566785117,end2end,6522,cuda_edge,1864,8,0.005932,cuda_mixed_edge,True
,,,,,,,,,,,,,,,,,,,,,,,,,,,,,,,,,,,,,,,,,,,,,,,,,,,,,,0.030745,cuda,8387,case8387_pegase,mixed,case8387_pegase,0.036715,2.9731904716e-09,cuda_edge,7,edge_based,1.225566785141,end2end,6522,cuda_edge,1864,9,0.005969,cuda_mixed_edge,True
,,,,,,,,,,,,,,,,,,,,,,,,,,,,,,,,,,,,,,,,,,,,,,,,,,,,,,0.091759,cuda,9241,case9241_pegase,mixed,case9241_pegase,0.098882,1.558535181988e-09,cuda_edge,8,edge_based,2.014161676685,end2end,7796,cuda_edge,1444,0,0.007122,cuda_mixed_edge,True
,,,,,,,,,,,,,,,,,,,,,,,,,,,,,,,,,,,,,,,,,,,,,,,,,,,,,,0.032633,cuda,9241,case9241_pegase,mixed,case9241_pegase,0.039959,7.098459615246e-10,cuda_edge,8,edge_based,2.014161676689,end2end,7796,cuda_edge,1444,1,0.007325,cuda_mixed_edge,True
,,,,,,,,,,,,,,,,,,,,,,,,,,,,,,,,,,,,,,,,,,,,,,,,,,,,,,0.032764,cuda,9241,case9241_pegase,mixed,case9241_pegase,0.039862,3.575146862583e-10,cuda_edge,8,edge_based,2.014161676696,end2end,7796,cuda_edge,1444,2,0.007098,cuda_mixed_edge,True
,,,,,,,,,,,,,,,,,,,,,,,,,,,,,,,,,,,,,,,,,,,,,,,,,,,,,,0.032288,cuda,9241,case9241_pegase,mixed,case9241_pegase,0.039359,2.554923819384e-09,cuda_edge,8,edge_based,2.014161676636,end2end,7796,cuda_edge,1444,3,0.007071,cuda_mixed_edge,True
,,,,,,,,,,,,,,,,,,,,,,,,,,,,,,,,,,,,,,,,,,,,,,,,,,,,,,0.0327,cuda,9241,case9241_pegase,mixed,case9241_pegase,0.039778,2.730688175578e-10,cuda_edge,8,edge_based,2.014161676732,end2end,7796,cuda_edge,1444,4,0.007078,cuda_mixed_edge,True
,,,,,,,,,,,,,,,,,,,,,,,,,,,,,,,,,,,,,,,,,,,,,,,,,,,,,,0.032202,cuda,9241,case9241_pegase,mixed,case9241_pegase,0.039277,2.555079898527e-09,cuda_edge,8,edge_based,2.014161676704,end2end,7796,cuda_edge,1444,5,0.007074,cuda_mixed_edge,True
,,,,,,,,,,,,,,,,,,,,,,,,,,,,,,,,,,,,,,,,,,,,,,,,,,,,,,0.032264,cuda,9241,case9241_pegase,mixed,case9241_pegase,0.039344,3.182010210878e-10,cuda_edge,8,edge_based,2.0141616767,end2end,7796,cuda_edge,1444,6,0.00708,cuda_mixed_edge,True
,,,,,,,,,,,,,,,,,,,,,,,,,,,,,,,,,,,,,,,,,,,,,,,,,,,,,,0.03243,cuda,9241,case9241_pegase,mixed,case9241_pegase,0.039522,2.215738703626e-10,cuda_edge,8,edge_based,2.014161676702,end2end,7796,cuda_edge,1444,7,0.007092,cuda_mixed_edge,True
,,,,,,,,,,,,,,,,,,,,,,,,,,,,,,,,,,,,,,,,,,,,,,,,,,,,,,0.032399,cuda,9241,case9241_pegase,mixed,case9241_pegase,0.039484,1.487094242886e-09,cuda_edge,8,edge_based,2.014161676692,end2end,7796,cuda_edge,1444,8,0.007084,cuda_mixed_edge,True
,,,,,,,,,,,,,,,,,,,,,,,,,,,,,,,,,,,,,,,,,,,,,,,,,,,,,,0.032496,cuda,9241,case9241_pegase,mixed,case9241_pegase,0.03959,1.41374272445e-09,cuda_edge,8,edge_based,2.014161676726,end2end,7796,cuda_edge,1444,9,0.007094,cuda_mixed_edge,True
0.009382,1,0.009382,0.001565,1,0.001565,6.6e-05,1,6.6e-05,5.766666666667e-05,3,0.000173,9e-06,4,3.6e-05,5.025e-05,4,0.000201,2.3e-05,1,2.3e-05,0.01095,1,0.01095,0.000236,1,0.000236,0.011211,1,0.011211,9.75e-06,4,3.9e-05,0.00012025,4,0.000481,1.76e-05,5,8.8e-05,0.0001348,5,0.000674,1.5e-05,4,6e-05,1.4e-05,1,1.4e-05,0.000737,1,0.000737,4.5e-05,1,4.5e-05,0.011212,cuda,30,case30_ieee,mixed,case30_ieee,0.011951,2.151148657702e-13,cuda_edge,5,edge_based,0.341154734562,operators,24,cuda_edge,5,0,0.000738,cuda_mixed_edge,True
0.008803,1,0.008803,0.001621,1,0.001621,6.5e-05,1,6.5e-05,5.833333333333e-05,3,0.000175,9e-06,4,3.6e-05,5e-05,4,0.0002,1.4e-05,1,1.4e-05,0.010427,1,0.010427,0.000203,1,0.000203,0.010646,1,0.010646,9.5e-06,4,3.8e-05,0.00012025,4,0.000481,1.74e-05,5,8.7e-05,0.0001346,5,0.000673,1.5e-05,4,6e-05,1.4e-05,1,1.4e-05,0.000735,1,0.000735,4.4e-05,1,4.4e-05,0.010646,cuda,30,case30_ieee,mixed,case30_ieee,0.011383,2.215972172788e-13,cuda_edge,5,edge_based,0.341154734562,operators,24,cuda_edge,5,1,0.000736,cuda_mixed_edge,True
0.008557,1,0.008557,0.001623,1,0.001623,6.5e-05,1,6.5e-05,5.833333333333e-05,3,0.000175,8.75e-06,4,3.5e-05,5.025e-05,4,0.000201,1.5e-05,1,1.5e-05,0.010183,1,0.010183,0.000204,1,0.000204,0.010403,1,0.010403,9.75e-06,4,3.9e-05,0.00012,4,0.00048,1.96e-05,5,9.8e-05,0.0001364,5,0.000682,1.475e-05,4,5.9e-05,1.4e-05,1,1.4e-05,0.000747,1,0.000747,4.7e-05,1,4.7e-05,0.010404,cuda,30,case30_ieee,mixed,case30_ieee,0.011152,2.296878042598e-13,cuda_edge,5,edge_based,0.341154734562,operators,24,cuda_edge,5,2,0.000748,cuda_mixed_edge,True
0.008568,1,0.008568,0.001548,1,0.001548,6.4e-05,1,6.4e-05,5.766666666667e-05,3,0.000173,9e-06,4,3.6e-05,4.95e-05,4,0.000198,1.5e-05,1,1.5e-05,0.010118,1,0.010118,0.0002,1,0.0002,0.010335,1,0.010335,9.25e-06,4,3.7e-05,0.00011875,4,0.000475,1.74e-05,5,8.7e-05,0.0001332,5,0.000666,1.5e-05,4,6e-05,1.4e-05,1,1.4e-05,0.000728,1,0.000728,4.4e-05,1,4.4e-05,0.010336,cuda,30,case30_ieee,mixed,case30_ieee,0.011065,1.857130814754e-13,cuda_edge,5,edge_based,0.341154734562,operators,24,cuda_edge,5,3,0.000729,cuda_mixed_edge,True
0.008562,1,0.008562,0.00154,1,0.00154,6.5e-05,1,6.5e-05,5.8e-05,3,0.000174,9e-06,4,3.6e-05,5e-05,4,0.0002,1.6e-05,1,1.6e-05,0.010106,1,0.010106,0.000202,1,0.000202,0.010325,1,0.010325,9.5e-06,4,3.8e-05,0.00011975,4,0.000479,1.76e-05,5,8.8e-05,0.0001344,5,0.000672,1.5e-05,4,6e-05,1.4e-05,1,1.4e-05,0.000734,1,0.000734,4.4e-05,1,4.4e-05,0.010326,cuda,30,case30_ieee,mixed,case30_ieee,0.011061,2.151148657702e-13,cuda_edge,5,edge_based,0.341154734562,operators,24,cuda_edge,5,4,0.000734,cuda_mixed_edge,True
0.013999,1,0.013999,0.001542,1,0.001542,6.5e-05,1,6.5e-05,5.933333333333e-05,3,0.000178,9.25e-06,4,3.7e-05,5.1e-05,4,0.000204,1.4e-05,1,1.4e-05,0.015545,1,0.015545,0.000201,1,0.000201,0.015762,1,0.015762,1e-05,4,4e-05,0.00012225,4,0.000489,1.96e-05,5,9.8e-05,0.000139,5,0.000695,1.525e-05,4,6.1e-05,1.5e-05,1,1.5e-05,0.000761,1,0.000761,4.8e-05,1,4.8e-05,0.015763,cuda,30,case30_ieee,mixed,case30_ieee,0.016525,1.53040088654e-13,cuda_edge,5,edge_based,0.341154734562,operators,24,cuda_edge,5,5,0.000762,cuda_mixed_edge,True
0.008558,1,0.008558,0.001615,1,0.001615,6.6e-05,1,6.6e-05,5.966666666667e-05,3,0.000179,9.5e-06,4,3.8e-05,5.075e-05,4,0.000203,1.5e-05,1,1.5e-05,0.010175,1,0.010175,0.00021,1,0.00021,0.010403,1,0.010403,1e-05,4,4e-05,0.0001225,4,0.00049,1.82e-05,5,9.1e-05,0.0001374,5,0.000687,1.5e-05,4,6e-05,1.5e-05,1,1.5e-05,0.000751,1,0.000751,4.5e-05,1,4.5e-05,0.010404,cuda,30,case30_ieee,mixed,case30_ieee,0.011156,2.0444064565e-13,cuda_edge,5,edge_based,0.341154734562,operators,24,cuda_edge,5,6,0.000752,cuda_mixed_edge,True
0.008573,1,0.008573,0.001551,1,0.001551,6.7e-05,1,6.7e-05,5.866666666667e-05,3,0.000176,9.25e-06,4,3.7e-05,5.05e-05,4,0.000202,1.4e-05,1,1.4e-05,0.010127,1,0.010127,0.000209,1,0.000209,0.010352,1,0.010352,1e-05,4,4e-05,0.000122,4,0.000488,1.76e-05,5,8.8e-05,0.0001364,5,0.000682,1.5e-05,4,6e-05,1.5e-05,1,1.5e-05,0.000747,1,0.000747,4.6e-05,1,4.6e-05,0.010353,cuda,30,case30_ieee,mixed,case30_ieee,0.011101,2.296878042598e-13,cuda_edge,5,edge_based,0.341154734562,operators,24,cuda_edge,5,7,0.000747,cuda_mixed_edge,True
0.008528,1,0.008528,0.001551,1,0.001551,6.6e-05,1,6.6e-05,5.866666666667e-05,3,0.000176,9.25e-06,4,3.7e-05,5.075e-05,4,0.000203,1.5e-05,1,1.5e-05,0.010082,1,0.010082,0.000208,1,0.000208,0.010307,1,0.010307,1e-05,4,4e-05,0.00012175,4,0.000487,1.8e-05,5,9e-05,0.000137,5,0.000685,1.5e-05,4,6e-05,1.5e-05,1,1.5e-05,0.000749,1,0.000749,4.5e-05,1,4.5e-05,0.010308,cuda,30,case30_ieee,mixed,case30_ieee,0.011058,2.128644482902e-13,cuda_edge,5,edge_based,0.341154734562,operators,24,cuda_edge,5,8,0.00075,cuda_mixed_edge,True
0.008552,1,0.008552,0.001856,1,0.001856,6.7e-05,1,6.7e-05,5.9e-05,3,0.000177,9e-06,4,3.6e-05,5.1e-05,4,0.000204,1.4e-05,1,1.4e-05,0.010411,1,0.010411,0.000208,1,0.000208,0.010636,1,0.010636,1e-05,4,4e-05,0.0001225,4,0.00049,1.78e-05,5,8.9e-05,0.0001374,5,0.000687,1.5e-05,4,6e-05,1.5e-05,1,1.5e-05,0.00075,1,0.00075,4.6e-05,1,4.6e-05,0.010637,cuda,30,case30_ieee,mixed,case30_ieee,0.011389,1.60005741504e-13,cuda_edge,5,edge_based,0.341154734562,operators,24,cuda_edge,5,9,0.000751,cuda_mixed_edge,True
0.009233,1,0.009233,0.00163,1,0.00163,7.7e-05,1,7.7e-05,6.933333333333e-05,3,0.000208,9.75e-06,4,3.9e-05,6.2e-05,4,0.000248,4.7e-05,1,4.7e-05,0.010867,1,0.010867,0.000251,1,0.000251,0.011167,1,0.011167,1.1e-05,4,4.4e-05,0.00014425,4,0.000577,2.02e-05,5,0.000101,0.0001584,5,0.000792,1.625e-05,4,6.5e-05,1.5e-05,1,1.5e-05,0.00086,1,0.00086,4.9e-05,1,4.9e-05,0.011168,cuda,118,case118_ieee,mixed,case118_ieee,0.012029,7.408462732172e-11,cuda_edge,5,edge_based,1.002563617484,operators,64,cuda_edge,53,0,0.000861,cuda_mixed_edge,True
0.008994,1,0.008994,0.001557,1,0.001557,7.6e-05,1,7.6e-05,7.033333333333e-05,3,0.000211,1.1e-05,4,4.4e-05,6.2e-05,4,0.000248,3.8e-05,1,3.8e-05,0.010553,1,0.010553,0.000226,1,0.000226,0.01082,1,0.01082,1.1e-05,4,4.4e-05,0.00014575,4,0.000583,2.1e-05,5,0.000105,0.000161,5,0.000805,1.625e-05,4,6.5e-05,1.6e-05,1,1.6e-05,0.000874,1,0.000874,5e-05,1,5e-05,0.010821,cuda,118,case118_ieee,mixed,case118_ieee,0.011696,7.304482882376e-11,cuda_edge,5,edge_based,1.002563617484,operators,64,cuda_edge,53,1,0.000875,cuda_mixed_edge,True
0.008939,1,0.008939,0.001546,1,0.001546,7.6e-05,1,7.6e-05,6.9e-05,3,0.000207,1.025e-05,4,4.1e-05,6.15e-05,4,0.000246,3.8e-05,1,3.8e-05,0.010489,1,0.010489,0.000224,1,0.000224,0.010752,1,0.010752,1.1e-05,4,4.4e-05,0.000144,4,0.000576,2.08e-05,5,0.000104,0.0001588,5,0.000794,1.625e-05,4,6.5e-05,1.6e-05,1,1.6e-05,0.000861,1,0.000861,4.8e-05,1,4.8e-05,0.010753,cuda,118,case118_ieee,mixed,case118_ieee,0.011616,7.266343691294e-11,cuda_edge,5,edge_based,1.002563617503,operators,64,cuda_edge,53,2,0.000862,cuda_mixed_edge,True
0.008939,1,0.008939,0.001539,1,0.001539,7.6e-05,1,7.6e-05,6.933333333333e-05,3,0.000208,1e-05,4,4e-05,6.125e-05,4,0.000245,3.8e-05,1,3.8e-05,0.010481,1,0.010481,0.00022,1,0.00022,0.010741,1,0.010741,1.1e-05,4,4.4e-05,0.00014325,4,0.000573,2.04e-05,5,0.000102,0.0001584,5,0.000792,1.625e-05,4,6.5e-05,1.5e-05,1,1.5e-05,0.000859,1,0.000859,4.8e-05,1,4.8e-05,0.010742,cuda,118,case118_ieee,mixed,case118_ieee,0.011602,6.529677074437e-11,cuda_edge,5,edge_based,1.002563617485,operators,64,cuda_edge,53,3,0.000859,cuda_mixed_edge,True
0.008915,1,0.008915,0.001541,1,0.001541,7.6e-05,1,7.6e-05,6.933333333333e-05,3,0.000208,1e-05,4,4e-05,6.125e-05,4,0.000245,3.9e-05,1,3.9e-05,0.010459,1,0.010459,0.000224,1,0.000224,0.010723,1,0.010723,1.05e-05,4,4.2e-05,0.0001435,4,0.000574,2.04e-05,5,0.000102,0.000158,5,0.00079,1.625e-05,4,6.5e-05,1.6e-05,1,1.6e-05,0.000856,1,0.000856,4.8e-05,1,4.8e-05,0.010724,cuda,118,case118_ieee,mixed,case118_ieee,0.011582,7.693538267326e-11,cuda_edge,5,edge_based,1.002563617496,operators,64,cuda_edge,53,4,0.000857,cuda_mixed_edge,True
0.008912,1,0.008912,0.001544,1,0.001544,7.6e-05,1,7.6e-05,6.933333333333e-05,3,0.000208,1.025e-05,4,4.1e-05,6.1e-05,4,0.000244,3.8e-05,1,3.8e-05,0.010459,1,0.010459,0.000226,1,0.000226,0.010724,1,0.010724,1.1e-05,4,4.4e-05,0.00014375,4,0.000575,2.08e-05,5,0.000104,0.0001584,5,0.000792,1.625e-05,4,6.5e-05,1.5e-05,1,1.5e-05,0.000859,1,0.000859,4.7e-05,1,4.7e-05,0.010725,cuda,118,case118_ieee,mixed,case118_ieee,0.011586,7.131719118356e-11,cuda_edge,5,edge_based,1.002563617499,operators,64,cuda_edge,53,5,0.00086,cuda_mixed_edge,True
0.009039,1,0.009039,0.001538,1,0.001538,7.7e-05,1,7.7e-05,6.966666666667e-05,3,0.000209,1.025e-05,4,4.1e-05,6.2e-05,4,0.000248,3.8e-05,1,3.8e-05,0.01058,1,0.01058,0.000225,1,0.000225,0.010845,1,0.010845,1.1e-05,4,4.4e-05,0.00014425,4,0.000577,2.06e-05,5,0.000103,0.0001592,5,0.000796,1.6e-05,4,6.4e-05,1.6e-05,1,1.6e-05,0.000865,1,0.000865,5e-05,1,5e-05,0.010846,cuda,118,case118_ieee,mixed,case118_ieee,0.011712,6.321778238173e-11,cuda_edge,5,edge_based,1.002563617494,operators,64,cuda_edge,53,6,0.000866,cuda_mixed_edge,True
0.008881,1,0.008881,0.00154,1,0.00154,7.6e-05,1,7.6e-05,6.966666666667e-05,3,0.000209,1.075e-05,4,4.3e-05,6.15e-05,4,0.000246,4.8e-05,1,4.8e-05,0.010424,1,0.010424,0.000217,1,0.000217,0.01069,1,0.01069,1.1e-05,4,4.4e-05,0.0001445,4,0.000578,2.14e-05,5,0.000107,0.0001602,5,0.000801,1.625e-05,4,6.5e-05,1.6e-05,1,1.6e-05,0.000868,1,0.000868,4.8e-05,1,4.8e-05,0.010691,cuda,118,case118_ieee,mixed,case118_ieee,0.01156,6.499374305978e-11,cuda_edge,5,edge_based,1.002563617498,operators,64,cuda_edge,53,7,0.000869,cuda_mixed_edge,True
0.008923,1,0.008923,0.00155,1,0.00155,7.7e-05,1,7.7e-05,6.966666666667e-05,3,0.000209,1.025e-05,4,4.1e-05,6.15e-05,4,0.000246,4e-05,1,4e-05,0.010476,1,0.010476,0.000227,1,0.000227,0.010744,1,0.010744,1.1e-05,4,4.4e-05,0.00014475,4,0.000579,2.1e-05,5,0.000105,0.0001596,5,0.000798,1.625e-05,4,6.5e-05,1.6e-05,1,1.6e-05,0.000865,1,0.000865,4.7e-05,1,4.7e-05,0.010745,cuda,118,case118_ieee,mixed,case118_ieee,0.011612,6.414155735142e-11,cuda_edge,5,edge_based,1.002563617488,operators,64,cuda_edge,53,8,0.000866,cuda_mixed_edge,True
0.00894,1,0.00894,0.001543,1,0.001543,7.7e-05,1,7.7e-05,6.966666666667e-05,3,0.000209,1e-05,4,4e-05,6.125e-05,4,0.000245,4.8e-05,1,4.8e-05,0.010486,1,0.010486,0.000217,1,0.000217,0.010752,1,0.010752,1.1e-05,4,4.4e-05,0.00014375,4,0.000575,2.04e-05,5,0.000102,0.0001586,5,0.000793,1.625e-05,4,6.5e-05,1.5e-05,1,1.5e-05,0.000859,1,0.000859,4.8e-05,1,4.8e-05,0.010753,cuda,118,case118_ieee,mixed,case118_ieee,0.011613,6.992564939514e-11,cuda_edge,5,edge_based,1.002563617488,operators,64,cuda_edge,53,9,0.00086,cuda_mixed_edge,True
0.011322,1,0.011322,0.001634,1,0.001634,0.000219,1,0.000219,0.0001135,4,0.000454,1.12e-05,5,5.6e-05,8.4e-05,5,0.00042,0.000342,1,0.000342,0.012959,1,0.012959,0.000248,1,0.000248,0.013552,1,0.013552,1.12e-05,5,5.6e-05,0.0002316,5,0.001158,2.333333333333e-05,6,0.00014,0.0002433333333333,6,0.00146,1.98e-05,5,9.9e-05,1.7e-05,1,1.7e-05,0.00155,1,0.00155,6.8e-05,1,6.8e-05,0.013553,cuda,793,case793_goc,mixed,case793_goc,0.015105,2.03578820468e-12,cuda_edge,6,edge_based,1.161718975814,operators,704,cuda_edge,88,0,0.001552,cuda_mixed_edge,True
0.011151,1,0.011151,0.001833,1,0.001833,0.000224,1,0.000224,0.00011425,4,0.000457,1.24e-05,5,6.2e-05,8.46e-05,5,0.000423,0.00026,1,0.00026,0.012987,1,0.012987,0.000227,1,0.000227,0.013475,1,0.013475,1.14e-05,5,5.7e-05,0.0002348,5,0.001174,2.466666666667e-05,6,0.000148,0.0002476666666667,6,0.001486,2e-05,5,0.0001,1.8e-05,1,1.8e-05,0.001586,1,0.001586,7.8e-05,1,7.8e-05,0.013476,cuda,793,case793_goc,mixed,case793_goc,0.015063,1.877109578885e-12,cuda_edge,6,edge_based,1.161718975814,operators,704,cuda_edge,88,1,0.001587,cuda_mixed_edge,True
0.011054,1,0.011054,0.001578,1,0.001578,0.000221,1,0.000221,0.0001145,4,0.000458,1.26e-05,5,6.3e-05,8.44e-05,5,0.000422,0.000268,1,0.000268,0.012635,1,0.012635,0.00023,1,0.00023,0.013134,1,0.013134,1.1e-05,5,5.5e-05,0.000234,5,0.00117,2.466666666667e-05,6,0.000148,0.000247,6,0.001482,2.02e-05,5,0.000101,1.8e-05,1,1.8e-05,0.001569,1,0.001569,6.6e-05,1,6.6e-05,0.013135,cuda,793,case793_goc,mixed,case793_goc,0.014706,2.625292004984e-12,cuda_edge,6,edge_based,1.161718975814,operators,704,cuda_edge,88,2,0.00157,cuda_mixed_edge,True
0.011012,1,0.011012,0.001545,1,0.001545,0.000225,1,0.000225,0.00011425,4,0.000457,1.2e-05,5,6e-05,8.64e-05,5,0.000432,0.000265,1,0.000265,0.01256,1,0.01256,0.00023,1,0.00023,0.013057,1,0.013057,1.1e-05,5,5.5e-05,0.0002366,5,0.001183,2.433333333333e-05,6,0.000146,0.0002488333333333,6,0.001493,2.02e-05,5,0.000101,1.9e-05,1,1.9e-05,0.00158,1,0.00158,6.5e-05,1,6.5e-05,0.013058,cuda,793,case793_goc,mixed,case793_goc,0.01464,1.859873366428e-12,cuda_edge,6,edge_based,1.161718975814,operators,704,cuda_edge,88,3,0.001581,cuda_mixed_edge,True
0.010998,1,0.010998,0.001542,1,0.001542,0.000225,1,0.000225,0.00011375,4,0.000455,1.24e-05,5,6.2e-05,8.4e-05,5,0.00042,0.000265,1,0.000265,0.012543,1,0.012543,0.000231,1,0.000231,0.013041,1,0.013041,1.1e-05,5,5.5e-05,0.000234,5,0.00117,2.433333333333e-05,6,0.000146,0.0002463333333333,6,0.001478,2e-05,5,0.0001,1.9e-05,1,1.9e-05,0.001565,1,0.001565,6.4e-05,1,6.4e-05,0.013042,cuda,793,case793_goc,mixed,case793_goc,0.014609,2.453847399685e-12,cuda_edge,6,edge_based,1.161718975814,operators,704,cuda_edge,88,4,0.001567,cuda_mixed_edge,True
0.01086,1,0.01086,0.001537,1,0.001537,0.000222,1,0.000222,0.00011425,4,0.000457,1.26e-05,5,6.3e-05,8.46e-05,5,0.000423,0.000274,1,0.000274,0.0124,1,0.0124,0.000234,1,0.000234,0.012909,1,0.012909,1.12e-05,5,5.6e-05,0.0002346,5,0.001173,2.45e-05,6,0.000147,0.0002475,6,0.001485,2.02e-05,5,0.000101,1.9e-05,1,1.9e-05,0.001574,1,0.001574,6.7e-05,1,6.7e-05,0.01291,cuda,793,case793_goc,mixed,case793_goc,0.014486,1.918409875401e-12,cuda_edge,6,edge_based,1.161718975814,operators,704,cuda_edge,88,5,0.001575,cuda_mixed_edge,True
0.010907,1,0.010907,0.001543,1,0.001543,0.000221,1,0.000221,0.0001145,4,0.000458,1.24e-05,5,6.2e-05,8.48e-05,5,0.000424,0.000265,1,0.000265,0.012453,1,0.012453,0.000236,1,0.000236,0.012957,1,0.012957,1.1e-05,5,5.5e-05,0.0002346,5,0.001173,2.566666666667e-05,6,0.000154,0.0002483333333333,6,0.00149,2.02e-05,5,0.000101,1.9e-05,1,1.9e-05,0.00158,1,0.00158,6.8e-05,1,6.8e-05,0.012958,cuda,793,case793_goc,mixed,case793_goc,0.014539,2.768489423718e-12,cuda_edge,6,edge_based,1.161718975814,operators,704,cuda_edge,88,6,0.001581,cuda_mixed_edge,True
0.01161,1,0.01161,0.001543,1,0.001543,0.000234,1,0.000234,0.00011425,4,0.000457,1.28e-05,5,6.4e-05,8.48e-05,5,0.000424,0.000323,1,0.000323,0.013156,1,0.013156,0.000238,1,0.000238,0.013719,1,0.013719,1.16e-05,5,5.8e-05,0.0002376,5,0.001188,2.45e-05,6,0.000147,0.0002503333333333,6,0.001502,1.98e-05,5,9.9e-05,1.9e-05,1,1.9e-05,0.001591,1,0.001591,6.8e-05,1,6.8e-05,0.01372,cuda,793,case793_goc,mixed,case793_goc,0.015313,2.268943955284e-12,cuda_edge,6,edge_based,1.161718975814,operators,704,cuda_edge,88,7,0.001592,cuda_mixed_edge,True
0.010988,1,0.010988,0.001553,1,0.001553,0.000224,1,0.000224,0.00011525,4,0.000461,1.28e-05,5,6.4e-05,8.44e-05,5,0.000422,0.000326,1,0.000326,0.012543,1,0.012543,0.000237,1,0.000237,0.013109,1,0.013109,1.1e-05,5,5.5e-05,0.0002358,5,0.001179,2.466666666667e-05,6,0.000148,0.0002483333333333,6,0.00149,2.02e-05,5,0.000101,2.1e-05,1,2.1e-05,0.001581,1,0.001581,6.7e-05,1,6.7e-05,0.01311,cuda,793,case793_goc,mixed,case793_goc,0.014693,2.676213023671e-12,cuda_edge,6,edge_based,1.161718975814,operators,704,cuda_edge,88,8,0.001582,cuda_mixed_edge,True
0.055689,1,0.055689,0.001548,1,0.001548,0.000234,1,0.000234,0.00011425,4,0.000457,1.24e-05,5,6.2e-05,8.5e-05,5,0.000425,0.000329,1,0.000329,0.05724,1,0.05724,0.000236,1,0.000236,0.057807,1,0.057807,1.14e-05,5,5.7e-05,0.0002372,5,0.001186,2.433333333333e-05,6,0.000146,0.0002496666666667,6,0.001498,2.02e-05,5,0.000101,2e-05,1,2e-05,0.001591,1,0.001591,6.8e-05,1,6.8e-05,0.057808,cuda,793,case793_goc,mixed,case793_goc,0.059401,1.846322640632e-12,cuda_edge,6,edge_based,1.161718975814,operators,704,cuda_edge,88,9,0.001593,cuda_mixed_edge,True
0.01256,1,0.01256,0.001566,1,0.001566,0.000281,1,0.000281,0.000174,4,0.000696,1.24e-05,5,6.2e-05,0.000122,5,0.00061,0.000619,1,0.000619,0.014129,1,0.014129,0.000257,1,0.000257,0.015007,1,0.015007,1.1e-05,5,5.5e-05,0.0003322,5,0.001661,2.733333333333e-05,6,0.000164,0.000331,6,0.001986,2.02e-05,5,0.000101,1.9e-05,1,1.9e-05,0.002092,1,0.002092,8.4e-05,1,8.4e-05,0.015008,cuda,1354,case1354_pegase,mixed,case1354_pegase,0.017102,4.037126296554e-12,cuda_edge,6,edge_based,0.9675246266078,operators,1094,cuda_edge,259,0,0.002093,cuda_mixed_edge,True
0.0124,1,0.0124,0.001553,1,0.001553,0.000279,1,0.000279,0.000174,4,0.000696,1.28e-05,5,6.4e-05,0.0001224,5,0.000612,0.000469,1,0.000469,0.013956,1,0.013956,0.000243,1,0.000243,0.01467,1,0.01467,1.1e-05,5,5.5e-05,0.0003322,5,0.001661,2.733333333333e-05,6,0.000164,0.0003313333333333,6,0.001988,2.02e-05,5,0.000101,2e-05,1,2e-05,0.002092,1,0.002092,8.1e-05,1,8.1e-05,0.014671,cuda,1354,case1354_pegase,mixed,case1354_pegase,0.016764,4.971589479667e-12,cuda_edge,6,edge_based,0.9675246266077,operators,1094,cuda_edge,259,1,0.002093,cuda_mixed_edge,True
0.012201,1,0.012201,0.001561,1,0.001561,0.00028,1,0.00028,0.00017425,4,0.000697,1.28e-05,5,6.4e-05,0.0001226,5,0.000613,0.000467,1,0.000467,0.013764,1,0.013764,0.000243,1,0.000243,0.014477,1,0.014477,1.06e-05,5,5.3e-05,0.0003322,5,0.001661,2.7e-05,6,0.000162,0.000331,6,0.001986,2.02e-05,5,0.000101,2e-05,1,2e-05,0.002091,1,0.002091,8.1e-05,1,8.1e-05,0.014478,cuda,1354,case1354_pegase,mixed,case1354_pegase,0.01657,5.810504786371e-12,cuda_edge,6,edge_based,0.9675246266076,operators,1094,cuda_edge,259,2,0.002092,cuda_mixed_edge,True
0.01244,1,0.01244,0.00155,1,0.00155,0.000276,1,0.000276,0.00017375,4,0.000695,1.28e-05,5,6.4e-05,0.0001218,5,0.000609,0.00047,1,0.00047,0.013992,1,0.013992,0.000245,1,0.000245,0.014709,1,0.014709,1.06e-05,5,5.3e-05,0.0003306,5,0.001653,2.716666666667e-05,6,0.000163,0.0003301666666667,6,0.001981,2.02e-05,5,0.000101,2e-05,1,2e-05,0.002083,1,0.002083,8e-05,1,8e-05,0.01471,cuda,1354,case1354_pegase,mixed,case1354_pegase,0.016795,4.192384374064e-12,cuda_edge,6,edge_based,0.9675246266077,operators,1094,cuda_edge,259,3,0.002085,cuda_mixed_edge,True
0.01252,1,0.01252,0.001618,1,0.001618,0.000277,1,0.000277,0.0001735,4,0.000694,1.24e-05,5,6.2e-05,0.000122,5,0.00061,0.00047,1,0.00047,0.014141,1,0.014141,0.000235,1,0.000235,0.014848,1,0.014848,1.08e-05,5,5.4e-05,0.0003308,5,0.001654,2.95e-05,6,0.000177,0.000332,6,0.001992,2.02e-05,5,0.000101,2e-05,1,2e-05,0.002092,1,0.002092,7.6e-05,1,7.6e-05,0.014849,cuda,1354,case1354_pegase,mixed,case1354_pegase,0.016943,6.121800153947e-12,cuda_edge,6,edge_based,0.9675246266077,operators,1094,cuda_edge,259,4,0.002093,cuda_mixed_edge,True
0.012333,1,0.012333,0.001552,1,0.001552,0.000275,1,0.000275,0.00017325,4,0.000693,1.22e-05,5,6.1e-05,0.0001224,5,0.000612,0.000474,1,0.000474,0.013887,1,0.013887,0.000235,1,0.000235,0.014598,1,0.014598,1.1e-05,5,5.5e-05,0.0003306,5,0.001653,2.733333333333e-05,6,0.000164,0.0003295,6,0.001977,2e-05,5,0.0001,2e-05,1,2e-05,0.002078,1,0.002078,7.6e-05,1,7.6e-05,0.014599,cuda,1354,case1354_pegase,mixed,case1354_pegase,0.016678,6.552980380548e-12,cuda_edge,6,edge_based,0.9675246266078,operators,1094,cuda_edge,259,5,0.002079,cuda_mixed_edge,True
0.012477,1,0.012477,0.001742,1,0.001742,0.000277,1,0.000277,0.00017425,4,0.000697,1.34e-05,5,6.7e-05,0.0001228,5,0.000614,0.000479,1,0.000479,0.014221,1,0.014221,0.000232,1,0.000232,0.014934,1,0.014934,1.08e-05,5,5.4e-05,0.0003324,5,0.001662,6e-05,6,0.00036,0.0003643333333333,6,0.002186,2.02e-05,5,0.000101,2.2e-05,1,2.2e-05,0.002288,1,0.002288,7.7e-05,1,7.7e-05,0.014935,cuda,1354,case1354_pegase,mixed,case1354_pegase,0.017224,4.766767766792e-12,cuda_edge,6,edge_based,0.9675246266078,operators,1094,cuda_edge,259,6,0.002289,cuda_mixed_edge,True
0.01438,1,0.01438,0.001555,1,0.001555,0.000279,1,0.000279,0.00017475,4,0.000699,1.36e-05,5,6.8e-05,0.0001228,5,0.000614,0.000565,1,0.000565,0.015938,1,0.015938,0.000247,1,0.000247,0.016752,1,0.016752,1.1e-05,5,5.5e-05,0.000334,5,0.00167,2.85e-05,6,0.000171,0.000334,6,0.002004,2e-05,5,0.0001,2e-05,1,2e-05,0.002108,1,0.002108,8e-05,1,8e-05,0.016753,cuda,1354,case1354_pegase,mixed,case1354_pegase,0.018863,5.192957175382e-12,cuda_edge,6,edge_based,0.9675246266079,operators,1094,cuda_edge,259,7,0.002109,cuda_mixed_edge,True
0.012527,1,0.012527,0.001887,1,0.001887,0.000278,1,0.000278,0.0001735,4,0.000694,1.24e-05,5,6.2e-05,0.0001228,5,0.000614,0.00047,1,0.00047,0.014417,1,0.014417,0.000254,1,0.000254,0.015143,1,0.015143,1.1e-05,5,5.5e-05,0.0003314,5,0.001657,2.766666666667e-05,6,0.000166,0.000331,6,0.001986,2.02e-05,5,0.000101,2e-05,1,2e-05,0.002086,1,0.002086,7.6e-05,1,7.6e-05,0.015144,cuda,1354,case1354_pegase,mixed,case1354_pegase,0.017232,7.014529246526e-12,cuda_edge,6,edge_based,0.9675246266077,operators,1094,cuda_edge,259,8,0.002087,cuda_mixed_edge,True
0.01242,1,0.01242,0.001645,1,0.001645,0.000277,1,0.000277,0.00017425,4,0.000697,1.28e-05,5,6.4e-05,0.000122,5,0.00061,0.000473,1,0.000473,0.014068,1,0.014068,0.000234,1,0.000234,0.014777,1,0.014777,1.1e-05,5,5.5e-05,0.0003316,5,0.001658,2.766666666667e-05,6,0.000166,0.0003308333333333,6,0.001985,2.02e-05,5,0.000101,2e-05,1,2e-05,0.002085,1,0.002085,7.6e-05,1,7.6e-05,0.014778,cuda,1354,case1354_pegase,mixed,case1354_pegase,0.016864,4.927425782681e-12,cuda_edge,6,edge_based,0.9675246266078,operators,1094,cuda_edge,259,9,0.002086,cuda_mixed_edge,True
0.014436,1,0.014436,0.001622,1,0.001622,0.000384,1,0.000384,0.0002746666666667,3,0.000824,1.75e-05,4,7e-05,0.00015225,4,0.000609,0.00123,1,0.00123,0.016061,1,0.016061,0.000294,1,0.000294,0.017588,1,0.017588,1.125e-05,4,4.5e-05,0.00047375,4,0.001895,3.04e-05,5,0.000152,0.0004358,5,0.002179,2e-05,4,8e-05,2.6e-05,1,2.6e-05,0.002328,1,0.002328,0.000119,1,0.000119,0.017589,cuda,2746,case2746wop_k,mixed,case2746wop_k,0.019919,5.209084159268e-10,cuda_edge,5,edge_based,0.5067134061277,operators,2396,cuda_edge,349,0,0.00233,cuda_mixed_edge,True
0.014046,1,0.014046,0.001549,1,0.001549,0.000382,1,0.000382,0.0002726666666667,3,0.000818,1.65e-05,4,6.6e-05,0.00015225,4,0.000609,0.000959,1,0.000959,0.015597,1,0.015597,0.000274,1,0.000274,0.016832,1,0.016832,1.1e-05,4,4.4e-05,0.00047125,4,0.001885,2.96e-05,5,0.000148,0.0004328,5,0.002164,2e-05,4,8e-05,2.5e-05,1,2.5e-05,0.002301,1,0.002301,0.000108,1,0.000108,0.016833,cuda,2746,case2746wop_k,mixed,case2746wop_k,0.019135,5.966958175531e-10,cuda_edge,5,edge_based,0.5067134060647,operators,2396,cuda_edge,349,1,0.002302,cuda_mixed_edge,True
0.014115,1,0.014115,0.001551,1,0.001551,0.000381,1,0.000381,0.000273,3,0.000819,3.175e-05,4,0.000127,0.0001515,4,0.000606,0.001022,1,0.001022,0.015668,1,0.015668,0.000262,1,0.000262,0.016954,1,0.016954,1.1e-05,4,4.4e-05,0.00048575,4,0.001943,4.46e-05,5,0.000223,0.0004592,5,0.002296,2e-05,4,8e-05,2.3e-05,1,2.3e-05,0.002432,1,0.002432,0.000109,1,0.000109,0.016955,cuda,2746,case2746wop_k,mixed,case2746wop_k,0.019389,9.012487865653e-10,cuda_edge,5,edge_based,0.506713406151,operators,2396,cuda_edge,349,2,0.002433,cuda_mixed_edge,True
0.014141,1,0.014141,0.001624,1,0.001624,0.000381,1,0.000381,0.0003146666666667,3,0.000944,3.2e-05,4,0.000128,0.0001525,4,0.00061,0.001013,1,0.001013,0.015768,1,0.015768,0.000262,1,0.000262,0.017044,1,0.017044,1.1e-05,4,4.4e-05,0.000518,4,0.002072,4.5e-05,5,0.000225,0.000486,5,0.00243,2.05e-05,4,8.2e-05,2.5e-05,1,2.5e-05,0.002565,1,0.002565,0.000107,1,0.000107,0.017045,cuda,2746,case2746wop_k,mixed,case2746wop_k,0.019612,4.659812550316e-10,cuda_edge,5,edge_based,0.5067134061242,operators,2396,cuda_edge,349,3,0.002566,cuda_mixed_edge,True
0.01457,1,0.01457,0.001692,1,0.001692,0.000383,1,0.000383,0.000273,3,0.000819,1.7e-05,4,6.8e-05,0.000152,4,0.000608,0.001044,1,0.001044,0.016265,1,0.016265,0.000278,1,0.000278,0.017589,1,0.017589,1.125e-05,4,4.5e-05,0.0004715,4,0.001886,2.98e-05,5,0.000149,0.0004332,5,0.002166,2e-05,4,8e-05,2.5e-05,1,2.5e-05,0.002304,1,0.002304,0.000108,1,0.000108,0.01759,cuda,2746,case2746wop_k,mixed,case2746wop_k,0.019895,6.498424854348e-10,cuda_edge,5,edge_based,0.5067134061158,operators,2396,cuda_edge,349,4,0.002305,cuda_mixed_edge,True
0.014682,1,0.014682,0.001538,1,0.001538,0.000385,1,0.000385,0.0002736666666667,3,0.000821,3.325e-05,4,0.000133,0.000152,4,0.000608,0.001001,1,0.001001,0.016223,1,0.016223,0.000275,1,0.000275,0.0175,1,0.0175,1.1e-05,4,4.4e-05,0.00048825,4,0.001953,4.5e-05,5,0.000225,0.000462,5,0.00231,2.025e-05,4,8.1e-05,2.4e-05,1,2.4e-05,0.00245,1,0.00245,0.000113,1,0.000113,0.017501,cuda,2746,case2746wop_k,mixed,case2746wop_k,0.019953,1.12341450357e-09,cuda_edge,5,edge_based,0.5067134061165,operators,2396,cuda_edge,349,5,0.002451,cuda_mixed_edge,True
0.014829,1,0.014829,0.001546,1,0.001546,0.000385,1,0.000385,0.0002726666666667,3,0.000818,3.325e-05,4,0.000133,0.00015225,4,0.000609,0.000951,1,0.000951,0.016378,1,0.016378,0.000273,1,0.000273,0.017603,1,0.017603,1.1e-05,4,4.4e-05,0.000488,4,0.001952,8.56e-05,5,0.000428,0.0005024,5,0.002512,2.025e-05,4,8.1e-05,2.6e-05,1,2.6e-05,0.002653,1,0.002653,0.000111,1,0.000111,0.017604,cuda,2746,case2746wop_k,mixed,case2746wop_k,0.020258,4.68501175497e-10,cuda_edge,5,edge_based,0.5067134061273,operators,2396,cuda_edge,349,6,0.002654,cuda_mixed_edge,True
0.02504,1,0.02504,0.001535,1,0.001535,0.000382,1,0.000382,0.0002733333333333,3,0.00082,3.2e-05,4,0.000128,0.000152,4,0.000608,0.00113,1,0.00113,0.026577,1,0.026577,0.000262,1,0.000262,0.02797,1,0.02797,1.1e-05,4,4.4e-05,0.00048675,4,0.001947,4.46e-05,5,0.000223,0.0004604,5,0.002302,2e-05,4,8e-05,2.3e-05,1,2.3e-05,0.002436,1,0.002436,0.000108,1,0.000108,0.027971,cuda,2746,case2746wop_k,mixed,case2746wop_k,0.030409,4.06814725802e-10,cuda_edge,5,edge_based,0.5067134061217,operators,2396,cuda_edge,349,7,0.002437,cuda_mixed_edge,True
0.014066,1,0.014066,0.00186,1,0.00186,0.000384,1,0.000384,0.0002736666666667,3,0.000821,3.2e-05,4,0.000128,0.0001515,4,0.000606,0.000964,1,0.000964,0.015929,1,0.015929,0.000261,1,0.000261,0.017156,1,0.017156,1.1e-05,4,4.4e-05,0.00048725,4,0.001949,4.66e-05,5,0.000233,0.000463,5,0.002315,2.025e-05,4,8.1e-05,2.4e-05,1,2.4e-05,0.002449,1,0.002449,0.000108,1,0.000108,0.017157,cuda,2746,case2746wop_k,mixed,case2746wop_k,0.019608,1.046026562617e-09,cuda_edge,5,edge_based,0.5067134061129,operators,2396,cuda_edge,349,8,0.002451,cuda_mixed_edge,True
0.014048,1,0.014048,0.001549,1,0.001549,0.000382,1,0.000382,0.000273,3,0.000819,3.225e-05,4,0.000129,0.000152,4,0.000608,0.001016,1,0.001016,0.015599,1,0.015599,0.000262,1,0.000262,0.016879,1,0.016879,1.1e-05,4,4.4e-05,0.00048675,4,0.001947,4.54e-05,5,0.000227,0.000461,5,0.002305,2.025e-05,4,8.1e-05,2.2e-05,1,2.2e-05,0.002445,1,0.002445,0.000114,1,0.000114,0.01688,cuda,2746,case2746wop_k,mixed,case2746wop_k,0.019326,9.376612865383e-10,cuda_edge,5,edge_based,0.5067134061299,operators,2396,cuda_edge,349,9,0.002446,cuda_mixed_edge,True
0.017828,1,0.017828,0.001625,1,0.001625,0.000552,1,0.000552,0.00045025,4,0.001801,2.74e-05,5,0.000137,0.0002144,5,0.001072,0.002508,1,0.002508,0.019456,1,0.019456,0.000338,1,0.000338,0.022304,1,0.022304,1.24e-05,5,6.2e-05,0.0007152,5,0.003576,3.833333333333e-05,6,0.00023,0.0006623333333333,6,0.003974,2.04e-05,5,0.000102,2.9e-05,1,2.9e-05,0.004235,1,0.004235,0.000227,1,0.000227,0.022305,cuda,4601,case4601_goc,mixed,case4601_goc,0.026542,1.601448422213e-10,cuda_edge,6,edge_based,1.597383209556,operators,4468,cuda_edge,132,0,0.004236,cuda_mixed_edge,True
0.017619,1,0.017619,0.001556,1,0.001556,0.000552,1,0.000552,0.00045125,4,0.001805,2.6e-05,5,0.00013,0.000214,5,0.00107,0.001986,1,0.001986,0.019177,1,0.019177,0.000309,1,0.000309,0.021474,1,0.021474,1.22e-05,5,6.1e-05,0.000714,5,0.00357,3.9e-05,6,0.000234,0.0006621666666667,6,0.003973,2.04e-05,5,0.000102,2.9e-05,1,2.9e-05,0.004232,1,0.004232,0.000227,1,0.000227,0.021475,cuda,4601,case4601_goc,mixed,case4601_goc,0.025708,3.464269898092e-10,cuda_edge,6,edge_based,1.597383209532,operators,4468,cuda_edge,132,1,0.004233,cuda_mixed_edge,True
0.01753,1,0.01753,0.001682,1,0.001682,0.000553,1,0.000553,0.00045075,4,0.001803,2.5e-05,5,0.000125,0.0002142,5,0.001071,0.002059,1,0.002059,0.019214,1,0.019214,0.000312,1,0.000312,0.021586,1,0.021586,1.26e-05,5,6.3e-05,0.0007132,5,0.003566,3.916666666667e-05,6,0.000235,0.000662,6,0.003972,2.04e-05,5,0.000102,2.9e-05,1,2.9e-05,0.004228,1,0.004228,0.000223,1,0.000223,0.021588,cuda,4601,case4601_goc,mixed,case4601_goc,0.025817,2.864475323605e-10,cuda_edge,6,edge_based,1.597383209564,operators,4468,cuda_edge,132,2,0.004229,cuda_mixed_edge,True
0.017924,1,0.017924,0.001548,1,0.001548,0.000554,1,0.000554,0.000451,4,0.001804,2.46e-05,5,0.000123,0.000215,5,0.001075,0.00196,1,0.00196,0.019475,1,0.019475,0.000305,1,0.000305,0.021743,1,0.021743,1.24e-05,5,6.2e-05,0.0007138,5,0.003569,3.866666666667e-05,6,0.000232,0.000662,6,0.003972,2.02e-05,5,0.000101,2.9e-05,1,2.9e-05,0.004221,1,0.004221,0.000216,1,0.000216,0.021744,cuda,4601,case4601_goc,mixed,case4601_goc,0.025967,3.076250365552e-10,cuda_edge,6,edge_based,1.597383209562,operators,4468,cuda_edge,132,3,0.004222,cuda_mixed_edge,True
0.018158,1,0.018158,0.001538,1,0.001538,0.00055,1,0.00055,0.0004495,4,0.001798,2.4e-05,5,0.00012,0.0002142,5,0.001071,0.002094,1,0.002094,0.019698,1,0.019698,0.000302,1,0.000302,0.022096,1,0.022096,1.22e-05,5,6.1e-05,0.0007108,5,0.003554,3.916666666667e-05,6,0.000235,0.0006596666666667,6,0.003958,2.04e-05,5,0.000102,2.8e-05,1,2.8e-05,0.004205,1,0.004205,0.000215,1,0.000215,0.022097,cuda,4601,case4601_goc,mixed,case4601_goc,0.026304,2.763725914789e-10,cuda_edge,6,edge_based,1.597383209579,operators,4468,cuda_edge,132,4,0.004207,cuda_mixed_edge,True
0.018615,1,0.018615,0.001528,1,0.001528,0.000554,1,0.000554,0.00045125,4,0.001805,2.44e-05,5,0.000122,0.0002142,5,0.001071,0.001974,1,0.001974,0.020145,1,0.020145,0.000311,1,0.000311,0.022433,1,0.022433,1.22e-05,5,6.1e-05,0.0007132,5,0.003566,3.883333333333e-05,6,0.000233,0.0006618333333333,6,0.003971,2e-05,5,0.0001,2.8e-05,1,2.8e-05,0.004218,1,0.004218,0.000216,1,0.000216,0.022434,cuda,4601,case4601_goc,mixed,case4601_goc,0.026654,3.768272360816e-10,cuda_edge,6,edge_based,1.597383209574,operators,4468,cuda_edge,132,5,0.004219,cuda_mixed_edge,True
0.018596,1,0.018596,0.001917,1,0.001917,0.000551,1,0.000551,0.000451,4,0.001804,2.4e-05,5,0.00012,0.0002142,5,0.001071,0.001963,1,0.001963,0.020516,1,0.020516,0.000303,1,0.000303,0.022784,1,0.022784,1.28e-05,5,6.4e-05,0.000712,5,0.00356,3.883333333333e-05,6,0.000233,0.0006608333333333,6,0.003965,2e-05,5,0.0001,3e-05,1,3e-05,0.004216,1,0.004216,0.000217,1,0.000217,0.022786,cuda,4601,case4601_goc,mixed,case4601_goc,0.027005,3.223719069467e-10,cuda_edge,6,edge_based,1.597383209566,operators,4468,cuda_edge,132,6,0.004218,cuda_mixed_edge,True
0.01884,1,0.01884,0.00187,1,0.00187,0.000551,1,0.000551,0.000449,4,0.001796,2.44e-05,5,0.000122,0.0002146,5,0.001073,0.001991,1,0.001991,0.020713,1,0.020713,0.000304,1,0.000304,0.02301,1,0.02301,1.24e-05,5,6.2e-05,0.000711,5,0.003555,3.833333333333e-05,6,0.00023,0.0006591666666667,6,0.003955,2.02e-05,5,0.000101,2.9e-05,1,2.9e-05,0.004204,1,0.004204,0.000216,1,0.000216,0.023011,cuda,4601,case4601_goc,mixed,case4601_goc,0.027217,2.864405379555e-10,cuda_edge,6,edge_based,1.597383209552,operators,4468,cuda_edge,132,7,0.004205,cuda_mixed_edge,True
0.018595,1,0.018595,0.001551,1,0.001551,0.000549,1,0.000549,0.00045125,4,0.001805,2.4e-05,5,0.00012,0.0002146,5,0.001073,0.001964,1,0.001964,0.020149,1,0.020149,0.000303,1,0.000303,0.022419,1,0.022419,1.24e-05,5,6.2e-05,0.0007118,5,0.003559,3.883333333333e-05,6,0.000233,0.0006608333333333,6,0.003965,2.04e-05,5,0.000102,2.9e-05,1,2.9e-05,0.004224,1,0.004224,0.000227,1,0.000227,0.02242,cuda,4601,case4601_goc,mixed,case4601_goc,0.026646,4.751780416919e-10,cuda_edge,6,edge_based,1.597383209537,operators,4468,cuda_edge,132,8,0.004225,cuda_mixed_edge,True
0.019204,1,0.019204,0.001628,1,0.001628,0.000552,1,0.000552,0.00045275,4,0.001811,2.42e-05,5,0.000121,0.0002146,5,0.001073,0.001968,1,0.001968,0.020835,1,0.020835,0.000304,1,0.000304,0.023109,1,0.023109,1.22e-05,5,6.1e-05,0.000714,5,0.00357,3.85e-05,6,0.000231,0.0006621666666667,6,0.003973,2.04e-05,5,0.000102,2.8e-05,1,2.8e-05,0.004222,1,0.004222,0.000215,1,0.000215,0.02311,cuda,4601,case4601_goc,mixed,case4601_goc,0.027334,1.559012918761e-10,cuda_edge,6,edge_based,1.597383209554,operators,4468,cuda_edge,132,9,0.004223,cuda_mixed_edge,True
0.024822,1,0.024822,0.00156,1,0.00156,0.000661,1,0.000661,0.0005562,5,0.002781,3.333333333333e-05,6,0.0002,0.0002411666666667,6,0.001447,0.004762,1,0.004762,0.026386,1,0.026386,0.000517,1,0.000517,0.031668,1,0.031668,1.5e-05,6,9e-05,0.0008516666666667,6,0.00511,5.5e-05,7,0.000385,0.000817,7,0.005719,2.05e-05,6,0.000123,3.8e-05,1,3.8e-05,0.006099,1,0.006099,0.000339,1,0.000339,0.031669,cuda,8387,case8387_pegase,mixed,case8387_pegase,0.037771,2.056475878476e-09,cuda_edge,7,edge_based,1.225566785127,operators,6522,cuda_edge,1864,0,0.006101,cuda_mixed_edge,True
0.024313,1,0.024313,0.001561,1,0.001561,0.000662,1,0.000662,0.0005556,5,0.002778,3.35e-05,6,0.000201,0.0002413333333333,6,0.001448,0.003684,1,0.003684,0.025878,1,0.025878,0.000502,1,0.000502,0.030066,1,0.030066,1.483333333333e-05,6,8.9e-05,0.0008516666666667,6,0.00511,5.442857142857e-05,7,0.000381,0.000816,7,0.005712,2.033333333333e-05,6,0.000122,3.9e-05,1,3.9e-05,0.006091,1,0.006091,0.000336,1,0.000336,0.030067,cuda,8387,case8387_pegase,mixed,case8387_pegase,0.03616,2.65398736321e-09,cuda_edge,7,edge_based,1.22556678514,operators,6522,cuda_edge,1864,1,0.006092,cuda_mixed_edge,True
0.024501,1,0.024501,0.001542,1,0.001542,0.000655,1,0.000655,0.0005552,5,0.002776,3.183333333333e-05,6,0.000191,0.0002406666666667,6,0.001444,0.003709,1,0.003709,0.026046,1,0.026046,0.000493,1,0.000493,0.03025,1,0.03025,1.45e-05,6,8.7e-05,0.0008471666666667,6,0.005083,5.4e-05,7,0.000378,0.0008121428571429,7,0.005685,2.066666666667e-05,6,0.000124,4e-05,1,4e-05,0.006067,1,0.006067,0.000338,1,0.000338,0.030251,cuda,8387,case8387_pegase,mixed,case8387_pegase,0.03632,2.182396818817e-09,cuda_edge,7,edge_based,1.225566785126,operators,6522,cuda_edge,1864,2,0.006068,cuda_mixed_edge,True
0.024319,1,0.024319,0.00181,1,0.00181,0.000657,1,0.000657,0.0005552,5,0.002776,3.233333333333e-05,6,0.000194,0.0002925,6,0.001755,0.003674,1,0.003674,0.026132,1,0.026132,0.000488,1,0.000488,0.030297,1,0.030297,1.5e-05,6,9e-05,0.0009006666666667,6,0.005404,5.528571428571e-05,7,0.000387,0.0008591428571429,7,0.006014,2.05e-05,6,0.000123,3.8e-05,1,3.8e-05,0.006393,1,0.006393,0.000338,1,0.000338,0.030298,cuda,8387,case8387_pegase,mixed,case8387_pegase,0.036693,2.051892322719e-09,cuda_edge,7,edge_based,1.225566785139,operators,6522,cuda_edge,1864,3,0.006395,cuda_mixed_edge,True
0.024398,1,0.024398,0.001545,1,0.001545,0.000654,1,0.000654,0.000558,5,0.00279,3.3e-05,6,0.000198,0.0002421666666667,6,0.001453,0.003679,1,0.003679,0.025946,1,0.025946,0.000487,1,0.000487,0.030114,1,0.030114,1.65e-05,6,9.9e-05,0.0008526666666667,6,0.005116,5.542857142857e-05,7,0.000388,0.0008195714285714,7,0.005737,2.05e-05,6,0.000123,4e-05,1,4e-05,0.006142,1,0.006142,0.00036,1,0.00036,0.030115,cuda,8387,case8387_pegase,mixed,case8387_pegase,0.036259,2.677146837549e-09,cuda_edge,7,edge_based,1.225566785123,operators,6522,cuda_edge,1864,4,0.006144,cuda_mixed_edge,True
0.024721,1,0.024721,0.001551,1,0.001551,0.000652,1,0.000652,0.0005576,5,0.002788,3.2e-05,6,0.000192,0.0002413333333333,6,0.001448,0.003628,1,0.003628,0.026275,1,0.026275,0.000487,1,0.000487,0.030392,1,0.030392,1.483333333333e-05,6,8.9e-05,0.0008495,6,0.005097,5.457142857143e-05,7,0.000382,0.0008147142857143,7,0.005703,2.05e-05,6,0.000123,3.9e-05,1,3.9e-05,0.006082,1,0.006082,0.000337,1,0.000337,0.030393,cuda,8387,case8387_pegase,mixed,case8387_pegase,0.036477,2.525121223229e-09,cuda_edge,7,edge_based,1.225566785119,operators,6522,cuda_edge,1864,5,0.006083,cuda_mixed_edge,True
0.024389,1,0.024389,0.001545,1,0.001545,0.00066,1,0.00066,0.0005898,5,0.002949,3.6e-05,6,0.000216,0.0002405,6,0.001443,0.003788,1,0.003788,0.025937,1,0.025937,0.000486,1,0.000486,0.030214,1,0.030214,1.5e-05,6,9e-05,0.0008818333333333,6,0.005291,5.542857142857e-05,7,0.000388,0.0008435714285714,7,0.005905,2.066666666667e-05,6,0.000124,3.9e-05,1,3.9e-05,0.006305,1,0.006305,0.000356,1,0.000356,0.030215,cuda,8387,case8387_pegase,mixed,case8387_pegase,0.036521,2.340784788224e-09,cuda_edge,7,edge_based,1.225566785104,operators,6522,cuda_edge,1864,6,0.006306,cuda_mixed_edge,True
0.027058,1,0.027058,0.00184,1,0.00184,0.000653,1,0.000653,0.0005546,5,0.002773,3.133333333333e-05,6,0.000188,0.0002405,6,0.001443,0.003698,1,0.003698,0.028902,1,0.028902,0.000489,1,0.000489,0.033091,1,0.033091,1.466666666667e-05,6,8.8e-05,0.0008468333333333,6,0.005081,5.442857142857e-05,7,0.000381,0.000812,7,0.005684,2.05e-05,6,0.000123,3.8e-05,1,3.8e-05,0.006063,1,0.006063,0.000336,1,0.000336,0.033092,cuda,8387,case8387_pegase,mixed,case8387_pegase,0.039157,2.418938271909e-09,cuda_edge,7,edge_based,1.225566785121,operators,6522,cuda_edge,1864,7,0.006065,cuda_mixed_edge,True
0.024592,1,0.024592,0.001553,1,0.001553,0.000659,1,0.000659,0.0005844,5,0.002922,3.4e-05,6,0.000204,0.0002401666666667,6,0.001441,0.003735,1,0.003735,0.026148,1,0.026148,0.000487,1,0.000487,0.030372,1,0.030372,1.5e-05,6,9e-05,0.000875,6,0.00525,5.614285714286e-05,7,0.000393,0.0008378571428571,7,0.005865,2.05e-05,6,0.000123,4e-05,1,4e-05,0.006247,1,0.006247,0.000339,1,0.000339,0.030373,cuda,8387,case8387_pegase,mixed,case8387_pegase,0.036622,1.700592555665e-09,cuda_edge,7,edge_based,1.22556678513,operators,6522,cuda_edge,1864,8,0.006248,cuda_mixed_edge,True
0.024498,1,0.024498,0.001622,1,0.001622,0.00066,1,0.00066,0.0005536,5,0.002768,3.166666666667e-05,6,0.00019,0.0002418333333333,6,0.001451,0.003603,1,0.003603,0.026124,1,0.026124,0.000495,1,0.000495,0.030223,1,0.030223,1.483333333333e-05,6,8.9e-05,0.0008483333333333,6,0.00509,5.514285714286e-05,7,0.000386,0.0008141428571429,7,0.005699,2.05e-05,6,0.000123,4.1e-05,1,4.1e-05,0.006081,1,0.006081,0.000337,1,0.000337,0.030224,cuda,8387,case8387_pegase,mixed,case8387_pegase,0.036307,3.180597674124e-09,cuda_edge,7,edge_based,1.225566785138,operators,6522,cuda_edge,1864,9,0.006082,cuda_mixed_edge,True
0.026795,1,0.026795,0.001636,1,0.001636,0.000686,1,0.000686,0.0005925,6,0.003555,3.428571428571e-05,7,0.00024,0.0002421428571429,7,0.001695,0.005443,1,0.005443,0.028434,1,0.028434,0.000533,1,0.000533,0.034414,1,0.034414,1.7e-05,7,0.000119,0.000886,7,0.006202,6.2125e-05,8,0.000497,0.00087175,8,0.006974,2.028571428571e-05,7,0.000142,4e-05,1,4e-05,0.007309,1,0.007309,0.00029,1,0.00029,0.034415,cuda,9241,case9241_pegase,mixed,case9241_pegase,0.041726,1.447730994114e-09,cuda_edge,8,edge_based,2.01416167675,operators,7796,cuda_edge,1444,0,0.007311,cuda_mixed_edge,True
0.026176,1,0.026176,0.001554,1,0.001554,0.000691,1,0.000691,0.0005913333333333,6,0.003548,3.514285714286e-05,7,0.000246,0.000242,7,0.001694,0.004158,1,0.004158,0.027733,1,0.027733,0.000514,1,0.000514,0.032407,1,0.032407,1.671428571429e-05,7,0.000117,0.0008862857142857,7,0.006204,6.1625e-05,8,0.000493,0.000893875,8,0.007151,4.628571428571e-05,7,0.000324,4.6e-05,1,4.6e-05,0.007464,1,0.007464,0.000262,1,0.000262,0.032408,cuda,9241,case9241_pegase,mixed,case9241_pegase,0.039875,1.861457210595e-09,cuda_edge,8,edge_based,2.014161676724,operators,7796,cuda_edge,1444,1,0.007466,cuda_mixed_edge,True
0.026119,1,0.026119,0.001541,1,0.001541,0.000678,1,0.000678,0.0005906666666667,6,0.003544,3.314285714286e-05,7,0.000232,0.0002417142857143,7,0.001692,0.004135,1,0.004135,0.027663,1,0.027663,0.000517,1,0.000517,0.032318,1,0.032318,1.7e-05,7,0.000119,0.0008818571428571,7,0.006173,5.7e-05,8,0.000456,0.00086325,8,0.006906,2.042857142857e-05,7,0.000143,4.1e-05,1,4.1e-05,0.007212,1,0.007212,0.00026,1,0.00026,0.032319,cuda,9241,case9241_pegase,mixed,case9241_pegase,0.039533,1.385230374851e-09,cuda_edge,8,edge_based,2.014161676695,operators,7796,cuda_edge,1444,2,0.007214,cuda_mixed_edge,True
0.026128,1,0.026128,0.001852,1,0.001852,0.00069,1,0.00069,0.0005895,6,0.003537,3.342857142857e-05,7,0.000234,0.0002417142857143,7,0.001692,0.004097,1,0.004097,0.027984,1,0.027984,0.000508,1,0.000508,0.032591,1,0.032591,1.685714285714e-05,7,0.000118,0.0008827142857143,7,0.006179,5.6875e-05,8,0.000455,0.00086375,8,0.00691,2.071428571429e-05,7,0.000145,4.1e-05,1,4.1e-05,0.007221,1,0.007221,0.000265,1,0.000265,0.032592,cuda,9241,case9241_pegase,mixed,case9241_pegase,0.039815,1.127030654566e-09,cuda_edge,8,edge_based,2.014161676671,operators,7796,cuda_edge,1444,3,0.007222,cuda_mixed_edge,True
0.026563,1,0.026563,0.001551,1,0.001551,0.000685,1,0.000685,0.000591,6,0.003546,3.328571428571e-05,7,0.000233,0.0002417142857143,7,0.001692,0.004151,1,0.004151,0.028119,1,0.028119,0.000512,1,0.000512,0.032784,1,0.032784,1.7e-05,7,0.000119,0.0008834285714286,7,0.006184,5.7375e-05,8,0.000459,0.0008645,8,0.006916,2.042857142857e-05,7,0.000143,4.2e-05,1,4.2e-05,0.007223,1,0.007223,0.00026,1,0.00026,0.032785,cuda,9241,case9241_pegase,mixed,case9241_pegase,0.04001,2.020659195523e-10,cuda_edge,8,edge_based,2.014161676705,operators,7796,cuda_edge,1444,4,0.007225,cuda_mixed_edge,True
0.026106,1,0.026106,0.001549,1,0.001549,0.000682,1,0.000682,0.0005903333333333,6,0.003542,3.3e-05,7,0.000231,0.0002428571428571,7,0.0017,0.004184,1,0.004184,0.027659,1,0.027659,0.000501,1,0.000501,0.032346,1,0.032346,1.671428571429e-05,7,0.000117,0.0008832857142857,7,0.006183,5.725e-05,8,0.000458,0.000864,8,0.006912,2.028571428571e-05,7,0.000142,4e-05,1,4e-05,0.007218,1,0.007218,0.00026,1,0.00026,0.032347,cuda,9241,case9241_pegase,mixed,case9241_pegase,0.039567,1.989704145368e-09,cuda_edge,8,edge_based,2.014161676691,operators,7796,cuda_edge,1444,5,0.007219,cuda_mixed_edge,True
0.026177,1,0.026177,0.001549,1,0.001549,0.000691,1,0.000691,0.0005953333333333,6,0.003572,3.3e-05,7,0.000231,0.0002417142857143,7,0.001692,0.004132,1,0.004132,0.02773,1,0.02773,0.000503,1,0.000503,0.032367,1,0.032367,1.657142857143e-05,7,0.000116,0.0008878571428571,7,0.006215,5.75e-05,8,0.00046,0.0008685,8,0.006948,2.071428571429e-05,7,0.000145,4.7e-05,1,4.7e-05,0.007259,1,0.007259,0.00026,1,0.00026,0.032368,cuda,9241,case9241_pegase,mixed,case9241_pegase,0.039629,1.632026698099e-10,cuda_edge,8,edge_based,2.01416167671,operators,7796,cuda_edge,1444,6,0.00726,cuda_mixed_edge,True
0.02689,1,0.02689,0.00154,1,0.00154,0.000681,1,0.000681,0.0005903333333333,6,0.003542,3.3e-05,7,0.000231,0.0002421428571429,7,0.001695,0.004135,1,0.004135,0.028434,1,0.028434,0.000501,1,0.000501,0.033073,1,0.033073,1.657142857143e-05,7,0.000116,0.0008824285714286,7,0.006177,5.7125e-05,8,0.000457,0.000863125,8,0.006905,2.042857142857e-05,7,0.000143,4.1e-05,1,4.1e-05,0.007215,1,0.007215,0.000264,1,0.000264,0.033074,cuda,9241,case9241_pegase,mixed,case9241_pegase,0.040291,1.671044136398e-10,cuda_edge,8,edge_based,2.014161676702,operators,7796,cuda_edge,1444,7,0.007217,cuda_mixed_edge,True
0.057192,1,0.057192,0.001558,1,0.001558,0.00069,1,0.00069,0.0005943333333333,6,0.003566,3.4e-05,7,0.000238,0.0002427142857143,7,0.001699,0.004302,1,0.004302,0.058753,1,0.058753,0.000502,1,0.000502,0.06356,1,0.06356,1.685714285714e-05,7,0.000118,0.0008885714285714,7,0.00622,8e-05,8,0.00064,0.00089175,8,0.007134,2.028571428571e-05,7,0.000142,4.1e-05,1,4.1e-05,0.007471,1,0.007471,0.000291,1,0.000291,0.063561,cuda,9241,case9241_pegase,mixed,case9241_pegase,0.071034,1.714938512379e-10,cuda_edge,8,edge_based,2.014161676702,operators,7796,cuda_edge,1444,8,0.007473,cuda_mixed_edge,True
0.026178,1,0.026178,0.001542,1,0.001542,0.000688,1,0.000688,0.00059,6,0.00354,3.257142857143e-05,7,0.000228,0.0002417142857143,7,0.001692,0.004202,1,0.004202,0.027723,1,0.027723,0.000525,1,0.000525,0.032452,1,0.032452,1.657142857143e-05,7,0.000116,0.000882,7,0.006174,5.775e-05,8,0.000462,0.0008635,8,0.006908,2.042857142857e-05,7,0.000143,4.1e-05,1,4.1e-05,0.007214,1,0.007214,0.00026,1,0.00026,0.032453,cuda,9241,case9241_pegase,mixed,case9241_pegase,0.039669,1.128427146863e-09,cuda_edge,8,edge_based,2.014161676722,operators,7796,cuda_edge,1444,9,0.007216,cuda_mixed_edge,True
